symbol,year,revenue,net_income,diluted_shares,capex
NVDA,2007,4097860000.0,797645000.0,24269280.0,
NVDA,2008,3424859000.0,-30041000.0,21925040.0,
NVDA,2009,3326445000.0,-67987000.0,21982960000.0,77601000.0
NVDA,2010,3543309000.0,253146000.0,23547360000.0,97890000.0
NVDA,2011,3997930000.0,581090000.0,24654840000.0,138735000.0
NVDA,2012,4280159000.0,562536000.0,24998280000.0,
NVDA,2013,4130000000.0,440000000.0,23800000000.0,
NVDA,2014,4682000000.0,631000000.0,22520000000.0,
NVDA,2015,5010000000.0,614000000.0,22760000000.0,
NVDA,2016,6910000000.0,1666000000.0,25960000000.0,
NVDA,2017,9714000000.0,3047000000.0,25280000000.0,
NVDA,2018,11716000000.0,4141000000.0,25000000000.0,
NVDA,2019,10918000000.0,2796000000.0,24720000000.0,
NVDA,2020,16675000000.0,4332000000.0,25100000000.0,
NVDA,2021,26914000000.0,9752000000.0,25350000000.0,976000000.0
NVDA,2022,26974000000.0,4368000000.0,25070000000.0,1833000000.0
NVDA,2023,60922000000.0,29760000000.0,24940000000.0,1069000000.0
NVDA,2024,130497000000.0,72880000000.0,24804000000.0,3236000000.0
NVDA,2025,215938000000.0,120067000000.0,24514000000.0,6042000000.0
MSFT,2008,60420000000.0,17681000000.0,9470000000.0,3182000000.0
MSFT,2009,58437000000.0,14569000000.0,8996000000.0,3119000000.0
MSFT,2010,62484000000.0,18760000000.0,8927000000.0,1977000000.0
MSFT,2011,69943000000.0,23150000000.0,8593000000.0,2355000000.0
MSFT,2012,73723000000.0,16978000000.0,8506000000.0,2305000000.0
MSFT,2013,77849000000.0,21863000000.0,8470000000.0,4257000000.0
MSFT,2014,86833000000.0,22074000000.0,8399000000.0,5485000000.0
MSFT,2015,93580000000.0,12193000000.0,8254000000.0,5944000000.0
MSFT,2016,91154000000.0,20539000000.0,8013000000.0,8343000000.0
MSFT,2017,96571000000.0,25489000000.0,7832000000.0,8129000000.0
MSFT,2018,110360000000.0,16571000000.0,7794000000.0,11632000000.0
MSFT,2019,125843000000.0,39240000000.0,7753000000.0,13925000000.0
MSFT,2020,143015000000.0,44281000000.0,7683000000.0,15441000000.0
MSFT,2021,168088000000.0,61271000000.0,7608000000.0,20622000000.0
MSFT,2022,198270000000.0,72738000000.0,7540000000.0,23886000000.0
MSFT,2023,211915000000.0,72361000000.0,7472000000.0,28107000000.0
MSFT,2024,245122000000.0,88136000000.0,7469000000.0,44477000000.0
MSFT,2025,281724000000.0,101832000000.0,7465000000.0,64551000000.0
MSFT,2026,331839000000.0,133749000000.0,7453000000.0,115948000000.0
GOOGL,2013,55519000000.0,12733000000.0,,7358000000.0
GOOGL,2014,66001000000.0,14136000000.0,,11014000000.0
GOOGL,2015,74989000000.0,16348000000.0,,9950000000.0
GOOGL,2016,90272000000.0,19478000000.0,,10212000000.0
GOOGL,2017,110855000000.0,12662000000.0,,13184000000.0
GOOGL,2018,136819000000.0,30736000000.0,,25139000000.0
GOOGL,2019,161857000000.0,34343000000.0,,23548000000.0
GOOGL,2020,182527000000.0,40269000000.0,,22281000000.0
GOOGL,2021,257637000000.0,76033000000.0,,24640000000.0
GOOGL,2022,282836000000.0,59972000000.0,13159000000.0,31485000000.0
GOOGL,2023,307394000000.0,73795000000.0,12722000000.0,32251000000.0
GOOGL,2024,350018000000.0,100118000000.0,12447000000.0,52535000000.0
GOOGL,2025,402836000000.0,132170000000.0,12230000000.0,91447000000.0
AMZN,2007,14835000000.0,476000000.0,8480000000.0,224000000.0
AMZN,2008,19166000000.0,645000000.0,8640000000.0,333000000.0
AMZN,2009,24509000000.0,902000000.0,8840000000.0,373000000.0
AMZN,2010,34204000000.0,1152000000.0,9120000000.0,979000000.0
AMZN,2011,48077000000.0,631000000.0,9220000000.0,1811000000.0
AMZN,2012,61093000000.0,-39000000.0,9060000000.0,3785000000.0
AMZN,2013,74452000000.0,274000000.0,9300000000.0,3444000000.0
AMZN,2014,88988000000.0,-241000000.0,9240000000.0,4893000000.0
AMZN,2015,107006000000.0,596000000.0,9540000000.0,4589000000.0
AMZN,2016,135987000000.0,2371000000.0,9680000000.0,6737000000.0
AMZN,2017,177866000000.0,3033000000.0,9860000000.0,11955000000.0
AMZN,2018,232887000000.0,10073000000.0,10000000000.0,13427000000.0
AMZN,2019,280522000000.0,11588000000.0,10080000000.0,16861000000.0
AMZN,2020,386064000000.0,21331000000.0,10198000000.0,40140000000.0
AMZN,2021,469822000000.0,33364000000.0,10296000000.0,61053000000.0
AMZN,2022,513983000000.0,-2722000000.0,10189000000.0,63645000000.0
AMZN,2023,574785000000.0,30425000000.0,10492000000.0,52729000000.0
AMZN,2024,637959000000.0,59248000000.0,10721000000.0,82999000000.0
AMZN,2025,716924000000.0,77670000000.0,10827000000.0,131819000000.0
AMZN,2026,,135281000000.0,,173028000000.0
META,2010,1974000000.0,606000000.0,1414000000.0,293000000.0
META,2011,3711000000.0,1000000000.0,1508000000.0,606000000.0
META,2012,5089000000.0,53000000.0,2166000000.0,1235000000.0
META,2013,7872000000.0,1500000000.0,2517000000.0,1362000000.0
META,2014,12466000000.0,2940000000.0,2664000000.0,1831000000.0
META,2015,17928000000.0,3688000000.0,2853000000.0,2523000000.0
META,2016,27638000000.0,10217000000.0,2925000000.0,4491000000.0
META,2017,40653000000.0,15934000000.0,2956000000.0,6733000000.0
META,2018,55838000000.0,22112000000.0,2921000000.0,13915000000.0
META,2019,70697000000.0,18485000000.0,2876000000.0,15102000000.0
META,2020,85965000000.0,29146000000.0,2888000000.0,15163000000.0
META,2021,117929000000.0,39370000000.0,2859000000.0,18690000000.0
META,2022,116609000000.0,23200000000.0,2702000000.0,31186000000.0
META,2023,134902000000.0,39098000000.0,2629000000.0,27045000000.0
META,2024,164501000000.0,62360000000.0,2614000000.0,37256000000.0
META,2025,200966000000.0,60458000000.0,2574000000.0,69691000000.0
ORCL,2007,22430000000.0,5581000000.0,5229000000.0,
ORCL,2008,23252000000.0,5677000000.0,5130000000.0,
ORCL,2009,26820000000.0,6135000000.0,5073000000.0,230000000.0
ORCL,2010,35622000000.0,8547000000.0,5128000000.0,450000000.0
ORCL,2011,37121000000.0,9981000000.0,5095000000.0,648000000.0
ORCL,2012,37180000000.0,10925000000.0,4844000000.0,650000000.0
ORCL,2013,38275000000.0,10955000000.0,4604000000.0,580000000.0
ORCL,2014,38226000000.0,9938000000.0,4503000000.0,1391000000.0
ORCL,2015,37047000000.0,8901000000.0,4305000000.0,1189000000.0
ORCL,2016,37792000000.0,9452000000.0,4217000000.0,2021000000.0
ORCL,2017,39383000000.0,3587000000.0,4238000000.0,1736000000.0
ORCL,2018,39506000000.0,11083000000.0,3732000000.0,1660000000.0
ORCL,2019,39068000000.0,10135000000.0,3294000000.0,1564000000.0
ORCL,2020,40479000000.0,13746000000.0,3022000000.0,2135000000.0
ORCL,2021,42440000000.0,6717000000.0,2786000000.0,4511000000.0
ORCL,2022,49954000000.0,8503000000.0,2766000000.0,8695000000.0
ORCL,2023,52961000000.0,10467000000.0,2823000000.0,6866000000.0
ORCL,2024,57399000000.0,12443000000.0,2866000000.0,21215000000.0
ORCL,2025,67357000000.0,16984000000.0,2914000000.0,55663000000.0
AVGO,2016,13240000000.0,-1739000000.0,3830000000.0,723000000.0
AVGO,2017,17636000000.0,1692000000.0,4210000000.0,1069000000.0
AVGO,2018,20848000000.0,12259000000.0,4310000000.0,635000000.0
AVGO,2019,22597000000.0,,4190000000.0,432000000.0
AVGO,2020,23888000000.0,,4210000000.0,463000000.0
AVGO,2021,27450000000.0,,4290000000.0,443000000.0
AVGO,2022,33203000000.0,11495000000.0,4232000000.0,424000000.0
AVGO,2023,35819000000.0,14082000000.0,4272000000.0,452000000.0
AVGO,2024,51574000000.0,5895000000.0,4778000000.0,548000000.0
AVGO,2025,63887000000.0,,4853000000.0,623000000.0
