date,y3m,y2y,y10y,curve_10y_2y
1962-01-01,,,4.083181818181818,
1962-02-01,,,4.039444444444444,
1962-03-01,,,3.930454545454545,
1962-04-01,,,3.843,
1962-05-01,,,3.8736363636363635,
1962-06-01,,,3.909047619047619,
1962-07-01,,,4.014285714285714,
1962-08-01,,,3.9756521739130433,
1962-09-01,,,3.978947368421052,
1962-10-01,,,3.9254545454545453,
1962-11-01,,,3.9157894736842107,
1962-12-01,,,3.8645000000000005,
1963-01-01,,,3.833636363636364,
1963-02-01,,,3.921111111111111,
1963-03-01,,,3.9285714285714284,
1963-04-01,,,3.970952380952381,
1963-05-01,,,3.93,
1963-06-01,,,3.993,
1963-07-01,,,4.0204545454545455,
1963-08-01,,,4.002272727272727,
1963-09-01,,,4.0775,
1963-10-01,,,4.106086956521739,
1963-11-01,,,4.121764705882353,
1963-12-01,,,4.128571428571429,
1964-01-01,,,4.166818181818182,
1964-02-01,,,4.145555555555556,
1964-03-01,,,4.2195238095238095,
1964-04-01,,,4.232272727272727,
1964-05-01,,,4.2,
1964-06-01,,,4.170000000000001,
1964-07-01,,,4.1859090909090915,
1964-08-01,,,4.1938095238095245,
1964-09-01,,,4.203809523809523,
1964-10-01,,,4.188095238095238,
1964-11-01,,,4.152777777777778,
1964-12-01,,,4.179545454545455,
1965-01-01,,,4.189500000000001,
1965-02-01,,,4.211111111111111,
1965-03-01,,,4.210434782608695,
1965-04-01,,,4.203809523809523,
1965-05-01,,,4.2115,
1965-06-01,,,4.213181818181819,
1965-07-01,,,4.204761904761905,
1965-08-01,,,4.252272727272727,
1965-09-01,,,4.29047619047619,
1965-10-01,,,4.3495,
1965-11-01,,,4.448947368421052,
1965-12-01,,,4.615454545454546,
1966-01-01,,,4.612380952380953,
1966-02-01,,,4.832105263157895,
1966-03-01,,,4.8734782608695655,
1966-04-01,,,4.75,
1966-05-01,,,4.7785714285714285,
1966-06-01,,,4.8145454545454545,
1966-07-01,,,5.018,
1966-08-01,,,5.224347826086956,
1966-09-01,,,5.182380952380952,
1966-10-01,,,5.0115,
1966-11-01,,,5.155263157894737,
1966-12-01,,,4.842857142857143,
1967-01-01,,,4.579047619047619,
1967-02-01,,,4.626666666666667,
1967-03-01,,,4.541818181818182,
1967-04-01,,,4.593500000000001,
1967-05-01,,,4.847727272727273,
1967-06-01,,,5.0227272727272725,
1967-07-01,,,5.159000000000001,
1967-08-01,,,5.275652173913044,
1967-09-01,,,5.3020000000000005,
1967-10-01,,,5.480952380952381,
1967-11-01,,,5.7535,
1967-12-01,,,5.699,
1968-01-01,,,5.528636363636363,
1968-02-01,,,5.563684210526316,
1968-03-01,,,5.74,
1968-04-01,,,5.6385,
1968-05-01,,,5.869545454545454,
1968-06-01,,,5.718,
1968-07-01,,,5.495454545454546,
1968-08-01,,,5.420454545454546,
1968-09-01,,,5.46,
1968-10-01,,,5.5826086956521745,
1968-11-01,,,5.696111111111112,
1968-12-01,,,6.031904761904762,
1969-01-01,,,6.041818181818181,
1969-02-01,,,6.1889473684210525,
1969-03-01,,,6.296,
1969-04-01,,,6.173333333333333,
1969-05-01,,,6.323333333333333,
1969-06-01,,,6.574285714285715,
1969-07-01,,,6.71952380952381,
1969-08-01,,,6.691428571428572,
1969-09-01,,,7.159523809523809,
1969-10-01,,,7.095454545454545,
1969-11-01,,,7.144117647058824,
1969-12-01,,,7.654090909090908,
1970-01-01,,,7.794761904761905,
1970-02-01,,,7.238333333333333,
1970-03-01,,,7.072857142857143,
1970-04-01,,,7.390909090909091,
1970-05-01,,,7.906190476190476,
1970-06-01,,,7.841818181818183,
1970-07-01,,,7.457272727272727,
1970-08-01,,,7.527142857142857,
1970-09-01,,,7.38952380952381,
1970-10-01,,,7.326666666666667,
1970-11-01,,,6.841111111111111,
1970-12-01,,,6.391363636363636,
1971-01-01,,,6.2385,
1971-02-01,,,6.112222222222222,
1971-03-01,,,5.7034782608695656,
1971-04-01,,,5.833809523809524,
1971-05-01,,,6.3925,
1971-06-01,,,6.522272727272727,
1971-07-01,,,6.729523809523809,
1971-08-01,,,6.582727272727272,
1971-09-01,,,6.13952380952381,
1971-10-01,,,5.925789473684211,
1971-11-01,,,5.8100000000000005,
1971-12-01,,,5.926363636363636,
1972-01-01,,,5.947619047619048,
1972-02-01,,,6.081,
1972-03-01,,,6.068636363636363,
1972-04-01,,,6.1945,
1972-05-01,,,6.126363636363636,
1972-06-01,,,6.1068181818181815,
1972-07-01,,,6.113,
1972-08-01,,,6.210434782608695,
1972-09-01,,,6.5495,
1972-10-01,,,6.4795,
1972-11-01,,,6.2805,
1972-12-01,,,6.3585,
1973-01-01,,,6.464545454545455,
1973-02-01,,,6.635555555555555,
1973-03-01,,,6.709090909090909,
1973-04-01,,,6.6685,
1973-05-01,,,6.847272727272727,
1973-06-01,,,6.9,
1973-07-01,,,7.130952380952381,
1973-08-01,,,7.404782608695652,
1973-09-01,,,7.090526315789473,
1973-10-01,,,6.7942857142857145,
1973-11-01,,,6.7284999999999995,
1973-12-01,,,6.7436842105263155,
1974-01-01,,,6.988636363636363,
1974-02-01,,,6.957222222222223,
1974-03-01,,,7.2090476190476185,
1974-04-01,,,7.512380952380952,
1974-05-01,,,7.57590909090909,
1974-06-01,,,7.535500000000001,
1974-07-01,,,7.805000000000001,
1974-08-01,,,8.04409090909091,
1974-09-01,,,8.0375,
1974-10-01,,,7.8968181818181815,
1974-11-01,,,7.681111111111111,
1974-12-01,,,7.433809523809523,
1975-01-01,,,7.501363636363636,
1975-02-01,,,7.392222222222222,
1975-03-01,,,7.728,
1975-04-01,,,8.226818181818182,
1975-05-01,,,8.05952380952381,
1975-06-01,,,7.860952380952382,
1975-07-01,,,8.061363636363636,
1975-08-01,,,8.397619047619047,
1975-09-01,,,8.426666666666668,
1975-10-01,,,8.137727272727274,
1975-11-01,,,8.052941176470588,
1975-12-01,,,7.996818181818182,
1976-01-01,,,7.742380952380953,
1976-02-01,,,7.792777777777778,
1976-03-01,,,7.734347826086956,
1976-04-01,,,7.564285714285714,
1976-05-01,,,7.8950000000000005,
1976-06-01,,7.06,7.861363636363635,0.8013636363636358
1976-07-01,,6.85,7.831904761904762,0.9819047619047625
1976-08-01,,6.631363636363636,7.768636363636364,1.1372727272727277
1976-09-01,,6.416190476190477,7.594285714285713,1.1780952380952368
1976-10-01,,5.984,7.411,1.4269999999999996
1976-11-01,,5.81,7.291052631578947,1.4810526315789474
1976-12-01,,5.376818181818181,6.869090909090909,1.492272727272728
1977-01-01,,5.899523809523809,7.213333333333333,1.3138095238095238
1977-02-01,,6.0884210526315785,7.3910526315789475,1.302631578947369
1977-03-01,,6.086521739130435,7.460000000000001,1.3734782608695655
1977-04-01,,5.9635,7.3705,1.407
1977-05-01,,6.254761904761905,7.456666666666667,1.2019047619047623
1977-06-01,,6.127272727272728,7.275454545454545,1.1481818181818175
1977-07-01,,6.274736842105263,7.330000000000001,1.0552631578947382
1977-08-01,,6.611304347826087,7.396521739130435,0.7852173913043483
1977-09-01,,6.714285714285714,7.343809523809524,0.6295238095238096
1977-10-01,,7.106,7.5235,0.4175000000000004
1977-11-01,,7.142631578947369,7.577368421052632,0.43473684210526287
1977-12-01,,7.176666666666667,7.685238095238095,0.508571428571428
1978-01-01,,7.485714285714285,7.956190476190477,0.4704761904761918
1978-02-01,,7.5649999999999995,8.033333333333333,0.4683333333333337
1978-03-01,,7.575,8.03590909090909,0.46090909090909005
1978-04-01,,7.7435,8.154,0.41049999999999986
1978-05-01,,8.006190476190476,8.345714285714285,0.33952380952380956
1978-06-01,,8.239545454545453,8.462272727272728,0.22272727272727444
1978-07-01,,8.4895,8.64,0.15050000000000097
1978-08-01,,8.366521739130436,8.410869565217391,0.04434782608695542
1978-09-01,,8.5655,8.416500000000001,-0.14899999999999913
1978-10-01,,8.853809523809524,8.642380952380952,-0.21142857142857174
1978-11-01,,9.4245,8.805,-0.6195000000000004
1978-12-01,,9.7155,9.006499999999999,-0.7090000000000014
1979-01-01,,9.86,9.099545454545455,-0.7604545454545448
1979-02-01,,9.716666666666667,9.098333333333333,-0.6183333333333341
1979-03-01,,9.789545454545454,9.117272727272727,-0.6722727272727269
1979-04-01,,9.7785,9.181999999999999,-0.5965000000000007
1979-05-01,,9.783809523809524,9.252380952380953,-0.5314285714285703
1979-06-01,,9.220476190476191,8.913809523809524,-0.30666666666666664
1979-07-01,,9.137619047619047,8.95,-0.18761904761904802
1979-08-01,,9.458695652173914,9.029565217391305,-0.4291304347826088
1979-09-01,,10.056315789473684,9.334736842105263,-0.7215789473684211
1979-10-01,,11.489545454545455,10.299090909090909,-1.1904545454545463
1979-11-01,,11.808421052631578,10.653157894736841,-1.155263157894737
1979-12-01,,11.3905,10.386,-1.0045000000000002
1980-01-01,,11.498181818181818,10.802272727272728,-0.6959090909090904
1980-02-01,,13.418421052631578,12.414736842105263,-1.0036842105263144
1980-03-01,,14.884761904761904,12.74904761904762,-2.1357142857142843
1980-04-01,,12.501904761904763,11.473333333333333,-1.0285714285714302
1980-05-01,,9.45,10.181428571428572,0.7314285714285731
1980-06-01,,8.728095238095237,9.778095238095238,1.0500000000000007
1980-07-01,,9.029545454545454,10.247727272727273,1.2181818181818187
1980-08-01,,10.527619047619046,11.101904761904763,0.5742857142857165
1980-09-01,,11.574761904761905,11.508571428571429,-0.06619047619047613
1980-10-01,,12.088181818181818,11.751363636363635,-0.3368181818181828
1980-11-01,,13.514117647058825,12.68470588235294,-0.8294117647058847
1980-12-01,,14.076818181818181,12.844090909090909,-1.2327272727272724
1981-01-01,,13.262380952380951,12.568571428571428,-0.6938095238095237
1981-02-01,,13.918888888888889,13.194444444444445,-0.724444444444444
1981-03-01,,13.568636363636363,13.115909090909092,-0.4527272727272713
1981-04-01,,14.151428571428571,13.67952380952381,-0.4719047619047618
1981-05-01,,15.456999999999999,14.0995,-1.3574999999999982
1981-06-01,,14.50590909090909,13.472272727272726,-1.033636363636365
1981-07-01,,15.35409090909091,14.280909090909091,-1.0731818181818191
1981-08-01,,16.284761904761904,14.937142857142858,-1.3476190476190464
1981-09-01,15.607142857142858,16.457619047619048,15.323809523809524,-1.1338095238095232
1981-10-01,14.230952380952383,15.542857142857141,15.14809523809524,-0.39476190476190176
1981-11-01,11.345555555555556,12.881666666666668,13.392777777777777,0.5111111111111093
1981-12-01,11.319047619047618,13.290454545454544,13.724545454545455,0.4340909090909104
1982-01-01,12.918000000000001,14.568000000000001,14.594,0.025999999999998025
1982-02-01,14.279444444444445,14.823333333333332,14.425555555555556,-0.397777777777776
1982-03-01,13.314782608695653,14.194347826086958,13.861304347826087,-0.3330434782608709
1982-04-01,13.344761904761905,14.202380952380953,13.871904761904762,-0.33047619047619037
1982-05-01,12.714,13.777000000000001,13.622499999999999,-0.1545000000000023
1982-06-01,13.078636363636365,14.465454545454547,14.299545454545454,-0.16590909090909278
1982-07-01,11.863333333333333,13.797142857142857,13.946190476190477,0.14904761904761976
1982-08-01,8.997272727272728,12.323636363636364,13.055,0.7313636363636355
1982-09-01,8.192857142857143,11.783333333333333,12.33904761904762,0.555714285714286
1982-10-01,7.967499999999999,10.1875,10.9065,0.7189999999999994
1982-11-01,8.346315789473685,9.795789473684211,10.550526315789474,0.7547368421052632
1982-12-01,8.202727272727273,9.662272727272727,10.54,0.877727272727272
1983-01-01,8.117142857142857,9.327619047619047,10.457142857142857,1.1295238095238105
1983-02-01,8.39421052631579,9.636315789473684,10.724736842105264,1.0884210526315794
1983-03-01,8.659565217391306,9.656086956521738,10.506521739130434,0.850434782608696
1983-04-01,8.5135,9.568,10.4,0.8320000000000007
1983-05-01,8.495714285714286,9.48904761904762,10.379999999999999,0.8909523809523794
1983-06-01,9.139545454545454,10.181818181818182,10.848636363636363,0.6668181818181811
1983-07-01,9.4495,10.684999999999999,11.376999999999999,0.6920000000000002
1983-08-01,9.73913043478261,11.070434782608697,11.846086956521738,0.7756521739130413
1983-09-01,9.361428571428572,10.790000000000001,11.653809523809523,0.8638095238095218
1983-10-01,8.988,10.571000000000002,11.541,0.9699999999999989
1983-11-01,9.111052631578948,10.66421052631579,11.690000000000001,1.0257894736842115
1983-12-01,9.357619047619048,10.836666666666666,11.82952380952381,0.9928571428571438
1984-01-01,9.263809523809524,10.642380952380952,11.674285714285714,1.0319047619047623
1984-02-01,9.459473684210526,10.785263157894736,11.842105263157896,1.0568421052631596
1984-03-01,9.889545454545454,11.314545454545454,12.319090909090908,1.004545454545454
1984-04-01,10.073,11.686,12.6335,0.9474999999999998
1984-05-01,10.223181818181818,12.47,13.408636363636363,0.9386363636363626
1984-06-01,10.26047619047619,12.906666666666668,13.562857142857142,0.6561904761904742
1984-07-01,10.530952380952382,12.877619047619048,13.362380952380953,0.48476190476190517
1984-08-01,10.900434782608697,12.434347826086958,12.716086956521737,0.2817391304347794
1984-09-01,10.795789473684211,12.204736842105262,12.522631578947369,0.31789473684210634
1984-10-01,10.124545454545455,11.6,12.160454545454543,0.5604545454545438
1984-11-01,8.924736842105263,10.648947368421053,11.572631578947368,0.9236842105263143
1984-12-01,8.3375,10.1815,11.499500000000001,1.3180000000000014
1985-01-01,8.02,9.930952380952382,11.384285714285713,1.4533333333333314
1985-02-01,8.557222222222222,10.165555555555555,11.508888888888889,1.3433333333333337
1985-03-01,8.83,10.712857142857143,11.855238095238096,1.1423809523809538
1985-04-01,8.221904761904762,10.08904761904762,11.434761904761904,1.3457142857142852
1985-05-01,7.733181818181818,9.39409090909091,10.84681818181818,1.4527272727272713
1985-06-01,7.18,8.687999999999999,10.156,1.4680000000000017
1985-07-01,7.316363636363636,8.773181818181818,10.306818181818182,1.5336363636363632
1985-08-01,7.370454545454546,8.943636363636363,10.331818181818182,1.3881818181818186
1985-09-01,7.333157894736843,8.983157894736843,10.373157894736842,1.3899999999999988
1985-10-01,7.40090909090909,8.864545454545455,10.236818181818181,1.3722727272727262
1985-11-01,7.476315789473685,8.581052631578947,9.781578947368422,1.2005263157894746
1985-12-01,7.33,8.146666666666667,9.25904761904762,1.1123809523809527
1986-01-01,7.301904761904762,8.142380952380952,9.193809523809524,1.0514285714285716
1986-02-01,7.290526315789474,7.967368421052631,8.704210526315789,0.7368421052631575
1986-03-01,6.764,7.214499999999999,7.778499999999999,0.5640000000000001
1986-04-01,6.235454545454545,6.694999999999999,7.29909090909091,0.6040909090909103
1986-05-01,6.334761904761905,7.067142857142857,7.70952380952381,0.6423809523809529
1986-06-01,6.396666666666666,7.1847619047619045,7.7995238095238095,0.6147619047619051
1986-07-01,5.999545454545455,6.666363636363636,7.303181818181818,0.6368181818181817
1986-08-01,5.685238095238096,6.326190476190476,7.1657142857142855,0.8395238095238096
1986-09-01,5.352380952380953,6.346190476190476,7.447619047619048,1.1014285714285714
1986-10-01,5.323181818181818,6.279090909090908,7.426363636363636,1.1472727272727274
1986-11-01,5.5,6.276666666666667,7.250555555555555,0.9738888888888875
1986-12-01,5.682727272727273,6.2718181818181815,7.112727272727272,0.8409090909090908
1987-01-01,5.578,6.226,7.0845,0.8585000000000003
1987-02-01,5.751052631578947,6.3978947368421055,7.2505263157894735,0.852631578947368
1987-03-01,5.765909090909091,6.424545454545455,7.248636363636364,0.8240909090909092
1987-04-01,5.815714285714286,7.024285714285714,8.022857142857143,0.9985714285714291
1987-05-01,5.846500000000001,7.7615,8.613,0.8514999999999997
1987-06-01,5.854545454545455,7.573181818181819,8.402272727272727,0.8290909090909082
1987-07-01,5.879090909090909,7.4422727272727265,8.44681818181818,1.004545454545454
1987-08-01,6.233333333333333,7.752857142857143,8.76047619047619,1.0076190476190474
1987-09-01,6.621428571428572,8.343809523809524,9.421904761904763,1.0780952380952389
1987-10-01,6.350952380952381,8.397619047619047,9.520000000000001,1.1223809523809543
1987-11-01,5.89,7.692631578947368,8.860526315789473,1.167894736842105
1987-12-01,5.959545454545454,7.857727272727273,8.987727272727271,1.1299999999999981
1988-01-01,6.004736842105263,7.63,8.66578947368421,1.0357894736842104
1988-02-01,5.842499999999999,7.1805,8.212,1.0314999999999994
1988-03-01,5.869999999999999,7.270434782608696,8.373478260869565,1.1030434782608687
1988-04-01,6.083,7.589499999999999,8.7185,1.1290000000000013
1988-05-01,6.454285714285714,7.9957142857142856,9.08904761904762,1.0933333333333337
1988-06-01,6.66409090909091,8.02590909090909,8.921363636363637,0.8954545454545464
1988-07-01,6.948,8.279,9.056000000000001,0.777000000000001
1988-08-01,7.2995652173913035,8.628695652173914,9.260434782608696,0.6317391304347826
1988-09-01,7.4780952380952375,8.463333333333333,8.977142857142857,0.5138095238095239
1988-10-01,7.5969999999999995,8.354,8.7955,0.44150000000000134
1988-11-01,8.0285,8.666,8.9625,0.2965
1988-12-01,8.348571428571429,9.088571428571427,9.105714285714285,0.017142857142857792
1989-01-01,8.558499999999999,9.1755,9.0915,-0.08399999999999963
1989-02-01,8.836842105263159,9.371578947368421,9.168947368421053,-0.2026315789473685
1989-03-01,9.142272727272728,9.679545454545455,9.357727272727272,-0.3218181818181822
1989-04-01,8.9625,9.4515,9.1755,-0.2759999999999998
1989-05-01,8.735909090909091,9.017727272727273,8.85909090909091,-0.15863636363636324
1989-06-01,8.434545454545455,8.406363636363636,8.277272727272727,-0.12909090909090892
1989-07-01,8.147,7.8195,8.0185,0.19899999999999984
1989-08-01,8.17,8.144782608695651,8.112608695652174,-0.0321739130434775
1989-09-01,8.0145,8.2845,8.1905,-0.09399999999999942
1989-10-01,7.899523809523809,7.979047619047619,8.007619047619048,0.028571428571429358
1989-11-01,7.943809523809524,7.795714285714286,7.8742857142857146,0.07857142857142829
1989-12-01,7.8795,7.776999999999999,7.836,0.05900000000000105
1990-01-01,7.898095238095239,8.085238095238095,8.206666666666667,0.12142857142857189
1990-02-01,8.002105263157894,8.370526315789473,8.473157894736843,0.10263157894737063
1990-03-01,8.17,8.626818181818182,8.588636363636363,-0.03818181818181898
1990-04-01,8.0405,8.724,8.7855,0.061500000000000554
1990-05-01,8.006818181818183,8.642272727272728,8.758181818181818,0.1159090909090903
1990-06-01,7.986666666666666,8.350952380952382,8.48,0.1290476190476184
1990-07-01,7.874761904761905,8.157142857142858,8.471428571428572,0.31428571428571317
1990-08-01,7.694347826086957,8.061304347826086,8.752608695652174,0.6913043478260885
1990-09-01,7.597894736842106,8.079473684210527,8.893157894736841,0.8136842105263149
1990-10-01,7.4,7.877727272727273,8.719545454545456,0.8418181818181827
1990-11-01,7.2905,7.599500000000001,8.392,0.7924999999999986
1990-12-01,6.9495000000000005,7.314,8.075,0.7609999999999992
1991-01-01,6.41047619047619,7.125238095238095,8.091904761904763,0.9666666666666677
1991-02-01,6.116315789473684,6.866842105263157,7.854736842105264,0.9878947368421063
1991-03-01,6.093500000000001,7.103,8.11,1.0069999999999997
1991-04-01,5.825454545454545,6.948181818181819,8.039090909090909,1.09090909090909
1991-05-01,5.633636363636364,6.783636363636364,8.067727272727273,1.2840909090909092
1991-06-01,5.7509999999999994,6.956,8.284,1.3280000000000003
1991-07-01,5.750909090909091,6.917727272727273,8.272727272727273,1.3550000000000004
1991-08-01,5.497727272727273,6.433181818181819,7.9,1.4668181818181818
1991-09-01,5.3735,6.1815,7.65,1.4685000000000006
1991-10-01,5.1440909090909095,5.912272727272727,7.527272727272727,1.6150000000000002
1991-11-01,4.689473684210526,5.558947368421053,7.417368421052632,1.858421052631579
1991-12-01,4.184285714285714,5.025714285714285,7.088571428571429,2.062857142857144
1992-01-01,3.9061904761904764,4.958095238095238,7.032380952380953,2.0742857142857147
1992-02-01,3.9499999999999997,5.212105263157895,7.337894736842105,2.1257894736842102
1992-03-01,4.138636363636364,5.6850000000000005,7.542272727272728,1.8572727272727274
1992-04-01,3.8390476190476193,5.344285714285714,7.480476190476191,2.1361904761904764
1992-05-01,3.719,5.2255,7.392,2.1665
1992-06-01,3.745,5.048181818181818,7.261818181818182,2.213636363636364
1992-07-01,3.2795454545454548,4.3554545454545455,6.844545454545455,2.4890909090909092
1992-08-01,3.1990476190476196,4.192857142857143,6.585714285714286,2.3928571428571432
1992-09-01,2.968571428571429,3.894285714285714,6.415238095238095,2.520952380952381
1992-10-01,2.932857142857143,4.082857142857143,6.589047619047619,2.5061904761904765
1992-11-01,3.2057894736842103,4.579473684210527,6.873157894736842,2.2936842105263153
1992-12-01,3.291363636363636,4.673636363636363,6.77,2.0963636363636367
1993-01-01,3.0710526315789473,4.39,6.6000000000000005,2.210000000000001
1993-02-01,2.9926315789473685,4.098421052631579,6.258947368421053,2.1605263157894736
1993-03-01,3.0143478260869565,3.9495652173913043,5.975217391304348,2.0256521739130435
1993-04-01,2.9304761904761905,3.837619047619048,5.9695238095238095,2.1319047619047615
1993-05-01,3.025,3.9770000000000003,6.0355,2.0584999999999996
1993-06-01,3.144545454545455,4.163636363636363,5.962727272727273,1.7990909090909097
1993-07-01,3.110952380952381,4.071904761904762,5.805238095238095,1.7333333333333325
1993-08-01,3.0904545454545453,4.001363636363636,5.677727272727273,1.6763636363636367
1993-09-01,3.0085714285714285,3.8471428571428574,5.36,1.512857142857143
1993-10-01,3.092,3.8745,5.334,1.4594999999999998
1993-11-01,3.1795,4.1555,5.724,1.5685000000000002
1993-12-01,3.127727272727273,4.212272727272727,5.774090909090909,1.5618181818181824
1994-01-01,3.0445,4.14,5.750500000000001,1.610500000000001
1994-02-01,3.3305263157894736,4.474210526315789,5.9731578947368416,1.4989473684210521
1994-03-01,3.5908695652173916,4.995217391304348,6.482608695652174,1.4873913043478257
1994-04-01,3.7805263157894737,5.549473684210526,6.972105263157895,1.4226315789473682
1994-05-01,4.267619047619048,5.968095238095238,7.183333333333333,1.215238095238095
1994-06-01,4.249090909090909,5.931363636363637,7.101363636363636,1.169999999999999
1994-07-01,4.4565,6.13,7.298,1.1680000000000001
1994-08-01,4.611739130434783,6.177391304347827,7.236086956521739,1.0586956521739124
1994-09-01,4.751428571428572,6.392380952380953,7.457142857142857,1.0647619047619044
1994-10-01,5.101999999999999,6.7284999999999995,7.744,1.0155000000000003
1994-11-01,5.449,7.1485,7.955,0.8064999999999998
1994-12-01,5.7647619047619045,7.58952380952381,7.813809523809524,0.2242857142857142
1995-01-01,5.9015,7.507,7.7795000000000005,0.27250000000000085
1995-02-01,5.939473684210526,7.111578947368422,7.469473684210525,0.3578947368421037
1995-03-01,5.910434782608696,6.775652173913044,7.204782608695653,0.4291304347826088
1995-04-01,5.837894736842105,6.5678947368421055,7.062631578947368,0.4947368421052625
1995-05-01,5.847727272727273,6.170909090909091,6.632727272727274,0.4618181818181828
1995-06-01,5.63909090909091,5.715909090909091,6.168181818181818,0.45227272727272716
1995-07-01,5.593,5.779999999999999,6.2780000000000005,0.4980000000000011
1995-08-01,5.565652173913043,5.980869565217391,6.488260869565217,0.5073913043478253
1995-09-01,5.434,5.806,6.1975,0.39149999999999974
1995-10-01,5.444285714285714,5.6971428571428575,6.044761904761905,0.34761904761904727
1995-11-01,5.5180952380952375,5.478571428571429,5.93047619047619,0.45190476190476137
1995-12-01,5.294,5.3245,5.7115,0.38700000000000045
1996-01-01,5.150476190476191,5.112380952380953,5.652380952380953,0.54
1996-02-01,4.9645,5.0255,5.8055,0.7800000000000002
1996-03-01,5.097619047619047,5.660952380952381,6.268571428571428,0.6076190476190471
1996-04-01,5.087727272727273,5.957272727272727,6.511363636363637,0.5540909090909096
1996-05-01,5.153636363636363,6.095,6.736818181818182,0.6418181818181825
1996-06-01,5.2315,6.297,6.912000000000001,0.6150000000000011
1996-07-01,5.298181818181818,6.27,6.865454545454545,0.5954545454545457
1996-08-01,5.1890909090909085,6.029090909090908,6.635454545454545,0.6063636363636364
1996-09-01,5.2375,6.234,6.832000000000001,0.5980000000000008
1996-10-01,5.123181818181818,5.912727272727273,6.533636363636364,0.6209090909090911
1996-11-01,5.169473684210526,5.701578947368421,6.203684210526316,0.5021052631578957
1996-12-01,5.04047619047619,5.781904761904762,6.302380952380952,0.5204761904761899
1997-01-01,5.1657142857142855,6.008095238095239,6.579047619047619,0.57095238095238
1997-02-01,5.1421052631578945,5.898421052631579,6.419473684210526,0.5210526315789474
1997-03-01,5.2844999999999995,6.2219999999999995,6.6945,0.47250000000000014
1997-04-01,5.304545454545455,6.448181818181819,6.885454545454545,0.4372727272727257
1997-05-01,5.196666666666666,6.276666666666666,6.7109523809523814,0.43428571428571505
1997-06-01,5.070952380952381,6.094761904761905,6.493809523809524,0.39904761904761976
1997-07-01,5.194545454545454,5.890909090909091,6.220454545454545,0.32954545454545414
1997-08-01,5.27952380952381,5.939047619047619,6.298571428571429,0.35952380952381
1997-09-01,5.084761904761905,5.881904761904762,6.208571428571428,0.3266666666666662
1997-10-01,5.112727272727273,5.771818181818182,6.029545454545455,0.2577272727272728
1997-11-01,5.2811111111111115,5.712777777777777,5.875,0.1622222222222227
1997-12-01,5.304545454545455,5.715,5.808636363636364,0.09363636363636374
1998-01-01,5.179,5.357,5.5445,0.1875
1998-02-01,5.23,5.417894736842105,5.574736842105263,0.15684210526315834
1998-03-01,5.161818181818182,5.5613636363636365,5.647272727272727,0.08590909090909093
1998-04-01,5.082857142857143,5.564285714285714,5.637619047619047,0.07333333333333325
1998-05-01,5.14,5.593500000000001,5.6525,0.058999999999999275
1998-06-01,5.124090909090909,5.52,5.496363636363636,-0.023636363636363455
1998-07-01,5.094545454545455,5.458181818181818,5.461363636363637,0.0031818181818188407
1998-08-01,5.040952380952381,5.268571428571429,5.341904761904762,0.07333333333333325
1998-09-01,4.739047619047619,4.666190476190476,4.806666666666667,0.14047619047619087
1998-10-01,4.070476190476191,4.091904761904762,4.529999999999999,0.4380952380952374
1998-11-01,4.531052631578947,4.54,4.827368421052632,0.2873684210526317
1998-12-01,4.496818181818182,4.506363636363637,4.645,0.13863636363636278
1999-01-01,4.446315789473684,4.615263157894737,4.722105263157895,0.10684210526315763
1999-02-01,4.5552631578947365,4.876315789473685,4.998947368421053,0.12263157894736842
1999-03-01,4.566521739130435,5.05304347826087,5.232608695652174,0.17956521739130427
1999-04-01,4.409090909090909,4.976818181818182,5.184545454545455,0.20772727272727298
1999-05-01,4.631,5.2545,5.539499999999999,0.28499999999999925
1999-06-01,4.715454545454545,5.618636363636363,5.899545454545454,0.2809090909090912
1999-07-01,4.685714285714286,5.5547619047619055,5.791904761904762,0.23714285714285666
1999-08-01,4.873636363636364,5.678181818181819,5.9390909090909085,0.26090909090908987
1999-09-01,4.822380952380952,5.661904761904762,5.915238095238095,0.25333333333333297
1999-10-01,5.0185,5.8625,6.112,0.24950000000000028
1999-11-01,5.2275,5.862,6.034,0.1719999999999997
1999-12-01,5.3568181818181815,6.104545454545455,6.275454545454545,0.17090909090909
2000-01-01,5.4990000000000006,6.44,6.661,0.2209999999999992
2000-02-01,5.727,6.6105,6.519499999999999,-0.09100000000000108
2000-03-01,5.863913043478261,6.528260869565218,6.256521739130435,-0.27173913043478226
2000-04-01,5.821578947368421,6.403684210526316,5.990526315789474,-0.41315789473684195
2000-05-01,5.994545454545454,6.809545454545455,6.440454545454545,-0.36909090909090914
2000-06-01,5.861818181818182,6.4818181818181815,6.097272727272728,-0.38454545454545386
2000-07-01,6.1425,6.339,6.054,-0.28500000000000014
2000-08-01,6.277391304347826,6.228695652173912,5.826086956521739,-0.40260869565217305
2000-09-01,6.175,6.0815,5.799,-0.28249999999999975
2000-10-01,6.294761904761905,5.9123809523809525,5.738571428571428,-0.17380952380952408
2000-11-01,6.356190476190475,5.875238095238096,5.717142857142857,-0.15809523809523895
2000-12-01,5.936999999999999,5.351999999999999,5.2405,-0.11149999999999949
2001-01-01,5.285238095238095,4.76,5.160952380952381,0.40095238095238095
2001-02-01,5.005263157894737,4.656842105263158,5.098947368421053,0.44210526315789433
2001-03-01,4.535454545454545,4.342272727272728,4.885454545454546,0.543181818181818
2001-04-01,3.966,4.234,5.141,0.907
2001-05-01,3.703181818181818,4.26,5.391363636363637,1.1313636363636368
2001-06-01,3.5652380952380955,4.08,5.284285714285714,1.2042857142857137
2001-07-01,3.593333333333333,4.038571428571428,5.236190476190477,1.1976190476190487
2001-08-01,3.4378260869565223,3.757391304347826,4.971304347826087,1.2139130434782608
2001-09-01,2.69235294117647,3.1188235294117646,4.731764705882353,1.612941176470588
2001-10-01,2.1977272727272728,2.725909090909091,4.566818181818181,1.8409090909090904
2001-11-01,1.9065,2.7824999999999998,4.6515,1.8690000000000007
2001-12-01,1.72,3.107,5.0875,1.9805000000000001
2002-01-01,1.684761904761905,3.0280952380952377,5.035714285714286,2.007619047619048
2002-02-01,1.756842105263158,3.015263157894737,4.911578947368421,1.8963157894736837
2002-03-01,1.825,3.5575,5.284000000000001,1.7265000000000006
2002-04-01,1.745,3.4227272727272724,5.210909090909091,1.7881818181818185
2002-05-01,1.7604545454545453,3.264090909090909,5.164545454545455,1.9004545454545458
2002-06-01,1.732,2.993,4.9265,1.9335
2002-07-01,1.7136363636363638,2.5568181818181817,4.653181818181818,2.0963636363636367
2002-08-01,1.6472727272727274,2.1336363636363633,4.257272727272727,2.1236363636363635
2002-09-01,1.659,2.0044999999999997,3.87,1.8655000000000004
2002-10-01,1.61,1.9118181818181819,3.940909090909091,2.0290909090909093
2002-11-01,1.2547368421052632,1.923157894736842,4.048421052631579,2.1252631578947376
2002-12-01,1.210952380952381,1.8361904761904764,4.032380952380952,2.196190476190475
2003-01-01,1.189047619047619,1.7433333333333334,4.048571428571428,2.305238095238095
2003-02-01,1.1852631578947368,1.6278947368421053,3.9026315789473687,2.2747368421052636
2003-03-01,1.150952380952381,1.5738095238095238,3.8071428571428574,2.2333333333333334
2003-04-01,1.1523809523809523,1.6223809523809525,3.958571428571428,2.3361904761904757
2003-05-01,1.0880952380952382,1.4152380952380952,3.5690476190476192,2.153809523809524
2003-06-01,0.9361904761904762,1.227142857142857,3.334285714285714,2.1071428571428568
2003-07-01,0.9204545454545454,1.4740909090909091,3.975454545454546,2.501363636363637
2003-08-01,0.9690476190476189,1.8642857142857143,4.4452380952380945,2.58095238095238
2003-09-01,0.9552380952380952,1.706190476190476,4.274285714285715,2.568095238095239
2003-10-01,0.9418181818181818,1.7477272727272728,4.290454545454545,2.542727272727272
2003-11-01,0.9522222222222223,1.9266666666666667,4.300000000000001,2.373333333333334
2003-12-01,0.9145454545454546,1.9072727272727272,4.267727272727273,2.3604545454545454
2004-01-01,0.9005000000000001,1.761,4.1505,2.3895
2004-02-01,0.9447368421052631,1.7400000000000002,4.084210526315789,2.3442105263157886
2004-03-01,0.9534782608695652,1.5778260869565217,3.826521739130435,2.2486956521739137
2004-04-01,0.9580952380952381,2.070952380952381,4.347619047619047,2.2766666666666664
2004-05-01,1.0394999999999999,2.5335,4.7155000000000005,2.1820000000000004
2004-06-01,1.2880952380952382,2.763333333333333,4.733809523809524,1.9704761904761905
2004-07-01,1.3576190476190477,2.6385714285714283,4.498095238095239,1.8595238095238105
2004-08-01,1.5031818181818182,2.5081818181818183,4.281363636363636,1.773181818181818
2004-09-01,1.6814285714285715,2.5252380952380955,4.1257142857142854,1.60047619047619
2004-10-01,1.7945,2.5845,4.0969999999999995,1.5124999999999997
2004-11-01,2.1075,2.852,4.194,1.342
2004-12-01,2.222727272727273,3.011818181818182,4.2309090909090905,1.2190909090909083
2005-01-01,2.371,3.2225,4.221500000000001,0.9990000000000006
2005-02-01,2.579473684210526,3.3847368421052635,4.165263157894737,0.7805263157894733
2005-03-01,2.795909090909091,3.7268181818181816,4.497727272727273,0.7709090909090914
2005-04-01,2.836666666666667,3.653809523809524,4.3409523809523805,0.6871428571428564
2005-05-01,2.901904761904762,3.643809523809524,4.144285714285714,0.5004761904761903
2005-06-01,3.036363636363636,3.6404545454545456,3.998181818181818,0.35772727272727245
2005-07-01,3.2875,3.871,4.1775,0.3065000000000002
2005-08-01,3.5182608695652173,4.044347826086956,4.262608695652174,0.21826086956521795
2005-09-01,3.494285714285714,3.9461904761904765,4.199047619047619,0.2528571428571422
2005-10-01,3.7924999999999995,4.271,4.4635,0.1924999999999999
2005-11-01,3.9745,4.4165,4.535,0.11850000000000005
2005-12-01,3.970952380952381,4.404285714285714,4.467142857142857,0.06285714285714317
2006-01-01,4.336,4.3955,4.416,0.020500000000000185
2006-02-01,4.5394736842105265,4.6684210526315795,4.568947368421052,-0.09947368421052705
2006-03-01,4.627826086956522,4.73391304347826,4.7239130434782615,-0.009999999999998899
2006-04-01,4.721578947368421,4.888947368421053,4.990526315789474,0.10157894736842099
2006-05-01,4.836363636363637,4.968181818181818,5.11,0.1418181818181825
2006-06-01,4.917727272727273,5.121818181818182,5.106363636363636,-0.01545454545454561
2006-07-01,5.0765,5.1185,5.0875,-0.030999999999999694
2006-08-01,5.090434782608695,4.903478260869565,4.8765217391304345,-0.026956521739130324
2006-09-01,4.93,4.769,4.718999999999999,-0.05000000000000071
2006-10-01,5.046190476190477,4.795714285714285,4.729047619047619,-0.06666666666666643
2006-11-01,5.073333333333333,4.7404761904761905,4.595238095238095,-0.1452380952380956
2006-12-01,4.973,4.6735,4.5645,-0.10899999999999999
2007-01-01,5.105238095238095,4.876190476190477,4.7595238095238095,-0.11666666666666714
2007-02-01,5.163157894736842,4.848947368421053,4.722631578947369,-0.12631578947368372
2007-03-01,5.079999999999999,4.573636363636364,4.5645454545454545,-0.009090909090909705
2007-04-01,5.006666666666667,4.666190476190476,4.6938095238095245,0.027619047619048764
2007-05-01,4.867727272727273,4.766363636363637,4.746363636363636,-0.020000000000000462
2007-06-01,4.741904761904761,4.980476190476191,5.102857142857142,0.12238095238095159
2007-07-01,4.9609523809523814,4.819047619047619,5.0042857142857144,0.18523809523809565
2007-08-01,4.31695652173913,4.3130434782608695,4.674782608695652,0.3617391304347821
2007-09-01,3.9942105263157894,4.011578947368421,4.521578947368421,0.5099999999999998
2007-10-01,4.002727272727273,3.967727272727273,4.527727272727272,0.5599999999999992
2007-11-01,3.3545000000000003,3.3365,4.1485,0.8120000000000003
2007-12-01,3.0665,3.117,4.0975,0.9805000000000001
2008-01-01,2.82,2.475714285714286,3.744285714285714,1.2685714285714282
2008-02-01,2.1740000000000004,1.973,3.7375,1.7644999999999997
2008-03-01,1.2835,1.6170000000000002,3.5100000000000002,1.893
2008-04-01,1.3118181818181818,2.0472727272727274,3.675,1.6277272727272725
2008-05-01,1.7642857142857142,2.4457142857142857,3.8800000000000003,1.4342857142857146
2008-06-01,1.8904761904761906,2.7738095238095237,4.099523809523809,1.3257142857142856
2008-07-01,1.6550000000000002,2.5731818181818182,4.007727272727273,1.4345454545454546
2008-08-01,1.752857142857143,2.4204761904761902,3.8857142857142852,1.465238095238095
2008-09-01,1.1466666666666665,2.0761904761904764,3.6861904761904762,1.6099999999999999
2008-10-01,0.6859090909090909,1.6122727272727273,3.814090909090909,2.2018181818181817
2008-11-01,0.1938888888888889,1.2127777777777777,3.526666666666667,2.313888888888889
2008-12-01,0.03409090909090909,0.8209090909090908,2.4163636363636365,1.5954545454545457
2009-01-01,0.1295,0.807,2.5175,1.7105000000000001
2009-02-01,0.29526315789473684,0.9752631578947369,2.87,1.8947368421052633
2009-03-01,0.2159090909090909,0.9313636363636365,2.819545454545455,1.8881818181818182
2009-04-01,0.15809523809523812,0.927142857142857,2.927142857142857,2.0
2009-05-01,0.177,0.9295,3.293,2.3635
2009-06-01,0.17863636363636365,1.184090909090909,3.7218181818181817,2.5377272727272726
2009-07-01,0.18363636363636363,1.0190909090909093,3.5622727272727275,2.543181818181818
2009-08-01,0.1719047619047619,1.1152380952380954,3.587142857142857,2.471904761904762
2009-09-01,0.12333333333333335,0.9561904761904761,3.401904761904762,2.4457142857142857
2009-10-01,0.07428571428571429,0.949047619047619,3.3876190476190478,2.4385714285714286
2009-11-01,0.05210526315789474,0.8031578947368421,3.4026315789473687,2.5994736842105266
2009-12-01,0.05454545454545454,0.8745454545454545,3.5900000000000003,2.715454545454546
2010-01-01,0.061578947368421046,0.9289473684210525,3.7331578947368427,2.8042105263157904
2010-02-01,0.10894736842105263,0.856842105263158,3.691052631578947,2.834210526315789
2010-03-01,0.15043478260869564,0.9586956521739131,3.7273913043478264,2.7686956521739132
2010-04-01,0.1622727272727273,1.0604545454545455,3.8468181818181817,2.786363636363636
2010-05-01,0.16,0.8305,3.4200000000000004,2.5895
2010-06-01,0.12363636363636364,0.7245454545454545,3.2040909090909087,2.479545454545454
2010-07-01,0.15761904761904763,0.6166666666666666,3.0114285714285716,2.394761904761905
2010-08-01,0.155,0.5204545454545455,2.6986363636363637,2.178181818181818
2010-09-01,0.1519047619047619,0.48,2.6476190476190475,2.1676190476190476
2010-10-01,0.1345,0.376,2.54,2.164
2010-11-01,0.143,0.454,2.763,2.3089999999999997
2010-12-01,0.1409090909090909,0.6181818181818182,3.290909090909091,2.672727272727273
2011-01-01,0.152,0.6144999999999999,3.3939999999999997,2.7794999999999996
2011-02-01,0.13210526315789473,0.7726315789473684,3.5763157894736843,2.803684210526316
2011-03-01,0.10043478260869565,0.697391304347826,3.4143478260869564,2.7169565217391303
2011-04-01,0.058499999999999996,0.7344999999999999,3.4549999999999996,2.7204999999999995
2011-05-01,0.04095238095238095,0.5552380952380952,3.168571428571429,2.6133333333333337
2011-06-01,0.03727272727272728,0.4104545454545454,3.002272727272727,2.591818181818182
2011-07-01,0.0375,0.40650000000000003,3.003,2.5965000000000003
2011-08-01,0.024347826086956525,0.23043478260869565,2.3030434782608693,2.072608695652174
2011-09-01,0.013809523809523811,0.21142857142857144,1.975238095238095,1.7638095238095235
2011-10-01,0.019,0.2805,2.152,1.8715000000000002
2011-11-01,0.014000000000000002,0.2535,2.0134999999999996,1.7599999999999996
2011-12-01,0.01142857142857143,0.2571428571428572,1.9780952380952381,1.720952380952381
2012-01-01,0.0345,0.2405,1.9665,1.726
2012-02-01,0.092,0.27799999999999997,1.9675,1.6895
2012-03-01,0.08409090909090909,0.34454545454545454,2.1727272727272724,1.828181818181818
2012-04-01,0.0838095238095238,0.2919047619047619,2.052857142857143,1.760952380952381
2012-05-01,0.08954545454545454,0.28500000000000003,1.8031818181818182,1.518181818181818
2012-06-01,0.09142857142857143,0.2919047619047619,1.6223809523809525,1.3304761904761906
2012-07-01,0.09714285714285714,0.2480952380952381,1.5266666666666668,1.2785714285714287
2012-08-01,0.10260869565217391,0.26869565217391306,1.6782608695652175,1.4095652173913045
2012-09-01,0.10526315789473684,0.25526315789473686,1.7231578947368422,1.4678947368421054
2012-10-01,0.10476190476190476,0.27714285714285714,1.7461904761904763,1.4690476190476192
2012-11-01,0.0935,0.268,1.654,1.386
2012-12-01,0.06999999999999999,0.257,1.719,1.4620000000000002
2013-01-01,0.07428571428571429,0.2652380952380953,1.9147619047619049,1.6495238095238096
2013-02-01,0.09894736842105263,0.2673684210526316,1.9842105263157896,1.716842105263158
2013-03-01,0.087,0.256,1.9575,1.7015
2013-04-01,0.060000000000000005,0.2322727272727273,1.7590909090909093,1.5268181818181819
2013-05-01,0.04409090909090909,0.25045454545454543,1.9281818181818182,1.6777272727272727
2013-06-01,0.0505,0.3335,2.3,1.9665
2013-07-01,0.035454545454545454,0.3409090909090909,2.5822727272727275,2.2413636363636367
2013-08-01,0.04363636363636363,0.3563636363636364,2.7372727272727273,2.380909090909091
2013-09-01,0.016,0.404,2.8095,2.4055
2013-10-01,0.04727272727272727,0.33545454545454545,2.6159090909090907,2.2804545454545453
2013-11-01,0.06789473684210527,0.3036842105263158,2.718421052631579,2.4147368421052633
2013-12-01,0.06666666666666668,0.33999999999999997,2.901904761904762,2.561904761904762
2014-01-01,0.043333333333333335,0.3938095238095238,2.858095238095238,2.464285714285714
2014-02-01,0.05263157894736842,0.3268421052631579,2.709473684210526,2.382631578947368
2014-03-01,0.05238095238095238,0.3990476190476191,2.723333333333333,2.324285714285714
2014-04-01,0.030952380952380953,0.41714285714285715,2.705238095238095,2.288095238095238
2014-05-01,0.03238095238095238,0.38904761904761903,2.559047619047619,2.17
2014-06-01,0.03571428571428571,0.4523809523809524,2.5985714285714288,2.146190476190476
2014-07-01,0.026363636363636363,0.5063636363636363,2.5422727272727275,2.035909090909091
2014-08-01,0.032857142857142856,0.4723809523809524,2.42,1.9476190476190476
2014-09-01,0.02,0.5666666666666667,2.5342857142857143,1.9676190476190476
2014-10-01,0.01681818181818182,0.4454545454545455,2.304090909090909,1.8586363636363636
2014-11-01,0.021666666666666667,0.5272222222222223,2.3255555555555554,1.7983333333333331
2014-12-01,0.02909090909090909,0.6354545454545455,2.2072727272727275,1.571818181818182
2015-01-01,0.027500000000000004,0.5515000000000001,1.8815000000000002,1.33
2015-02-01,0.017894736842105265,0.6189473684210526,1.9752631578947368,1.3563157894736841
2015-03-01,0.027727272727272725,0.6404545454545455,2.0427272727272725,1.402272727272727
2015-04-01,0.023181818181818182,0.54,1.935,1.395
2015-05-01,0.0165,0.609,2.1975000000000002,1.5885000000000002
2015-06-01,0.015000000000000001,0.6886363636363636,2.3636363636363638,1.6750000000000003
2015-07-01,0.03227272727272727,0.6677272727272727,2.3245454545454547,1.656818181818182
2015-08-01,0.0719047619047619,0.6976190476190476,2.1671428571428573,1.4695238095238097
2015-09-01,0.024285714285714285,0.7133333333333334,2.172857142857143,1.4595238095238097
2015-10-01,0.016666666666666666,0.6447619047619048,2.07,1.425238095238095
2015-11-01,0.12631578947368421,0.884736842105263,2.263157894736842,1.378421052631579
2015-12-01,0.22863636363636364,0.9827272727272728,2.2427272727272727,1.2599999999999998
2016-01-01,0.2573684210526316,0.8994736842105263,2.0852631578947367,1.1857894736842103
2016-02-01,0.3145,0.7335,1.7795,1.046
2016-03-01,0.2972727272727273,0.875,1.8890909090909092,1.0140909090909092
2016-04-01,0.2280952380952381,0.768095238095238,1.805238095238095,1.037142857142857
2016-05-01,0.27666666666666667,0.8161904761904762,1.8061904761904761,0.9899999999999999
2016-06-01,0.2727272727272727,0.7313636363636363,1.6440909090909093,0.9127272727272729
2016-07-01,0.30100000000000005,0.6725,1.504,0.8315
2016-08-01,0.2995652173913043,0.7373913043478261,1.556521739130435,0.8191304347826088
2016-09-01,0.29428571428571426,0.7709523809523811,1.6304761904761906,0.8595238095238096
2016-10-01,0.3315,0.843,1.7645,0.9215
2016-11-01,0.4525,0.9795,2.1420000000000003,1.1625000000000003
2016-12-01,0.5119047619047619,1.1966666666666665,2.491904761904762,1.2952380952380953
2017-01-01,0.519,1.2065,2.4325,1.2260000000000002
2017-02-01,0.5263157894736842,1.2010526315789474,2.4189473684210525,1.2178947368421051
2017-03-01,0.7478260869565218,1.3130434782608695,2.4817391304347827,1.1686956521739131
2017-04-01,0.8084210526315789,1.2410526315789472,2.2973684210526315,1.0563157894736843
2017-05-01,0.9031818181818182,1.3018181818181818,2.3036363636363637,1.001818181818182
2017-06-01,0.9990909090909091,1.3422727272727273,2.186818181818182,0.8445454545454547
2017-07-01,1.0865,1.3725,2.318,0.9455
2017-08-01,1.0321739130434784,1.335217391304348,2.2091304347826086,0.8739130434782607
2017-09-01,1.0465,1.3845,2.202,0.8174999999999999
2017-10-01,1.0933333333333333,1.5495238095238095,2.3600000000000003,0.8104761904761908
2017-11-01,1.2504761904761905,1.6966666666666668,2.3533333333333335,0.6566666666666667
2017-12-01,1.3415000000000001,1.844,2.4025,0.5584999999999998
2018-01-01,1.4323809523809523,2.031904761904762,2.583809523809524,0.5519047619047619
2018-02-01,1.5878947368421052,2.1752631578947366,2.8589473684210525,0.6836842105263159
2018-03-01,1.7266666666666666,2.275714285714286,2.8423809523809522,0.5666666666666664
2018-04-01,1.788095238095238,2.3842857142857143,2.869047619047619,0.4847619047619047
2018-05-01,1.8995454545454544,2.5118181818181817,2.977727272727273,0.4659090909090913
2018-06-01,1.9352380952380952,2.5333333333333337,2.9123809523809525,0.37904761904761886
2018-07-01,1.9947619047619047,2.606666666666667,2.889047619047619,0.2823809523809522
2018-08-01,2.072608695652174,2.6356521739130434,2.889130434782609,0.2534782608695654
2018-09-01,2.165263157894737,2.7678947368421056,3.004210526315789,0.2363157894736836
2018-10-01,2.2931818181818184,2.860909090909091,3.152272727272727,0.29136363636363605
2018-11-01,2.374,2.859,3.117,0.258
2018-12-01,2.4121052631578945,2.6763157894736844,2.8326315789473684,0.15631578947368396
2019-01-01,2.4238095238095236,2.543333333333333,2.713809523809524,0.17047619047619111
2019-02-01,2.437894736842105,2.504210526315789,2.6763157894736844,0.1721052631578952
2019-03-01,2.453809523809524,2.4095238095238094,2.570952380952381,0.16142857142857148
2019-04-01,2.432857142857143,2.344761904761905,2.532380952380952,0.18761904761904713
2019-05-01,2.4031818181818183,2.2063636363636365,2.395,0.1886363636363635
2019-06-01,2.2195,1.814,2.074,0.2599999999999998
2019-07-01,2.145,1.8350000000000002,2.059090909090909,0.2240909090909089
2019-08-01,1.9904545454545455,1.5713636363636363,1.6263636363636365,0.05500000000000016
2019-09-01,1.9344999999999999,1.6480000000000001,1.6995,0.05149999999999988
2019-10-01,1.6786363636363637,1.5513636363636365,1.7068181818181818,0.1554545454545453
2019-11-01,1.572105263157895,1.6126315789473684,1.8121052631578947,0.19947368421052625
2019-12-01,1.5652380952380955,1.6133333333333335,1.8628571428571428,0.24952380952380926
2020-01-01,1.5523809523809524,1.5190476190476192,1.7576190476190479,0.23857142857142866
2020-02-01,1.5447368421052632,1.3310526315789473,1.5042105263157897,0.1731578947368424
2020-03-01,0.29545454545454547,0.4481818181818182,0.87,0.4218181818181818
2020-04-01,0.1380952380952381,0.2247619047619048,0.6576190476190477,0.43285714285714283
2020-05-01,0.1275,0.1705,0.674,0.5035000000000001
2020-06-01,0.15954545454545455,0.18500000000000003,0.7286363636363636,0.5436363636363636
2020-07-01,0.12681818181818183,0.1481818181818182,0.6236363636363637,0.47545454545454546
2020-08-01,0.10428571428571429,0.13952380952380952,0.65,0.5104761904761905
2020-09-01,0.10857142857142857,0.13476190476190478,0.6795238095238095,0.5447619047619048
2020-10-01,0.10047619047619047,0.14952380952380953,0.7871428571428571,0.6376190476190476
2020-11-01,0.09105263157894737,0.16578947368421051,0.8700000000000001,0.7042105263157896
2020-12-01,0.08727272727272727,0.13590909090909092,0.9336363636363636,0.7977272727272726
2021-01-01,0.08368421052631579,0.1310526315789474,1.0810526315789473,0.9499999999999998
2021-02-01,0.04263157894736842,0.11526315789473685,1.2578947368421052,1.1426315789473684
2021-03-01,0.03130434782608695,0.14695652173913046,1.6108695652173912,1.4639130434782608
2021-04-01,0.02090909090909091,0.16318181818181818,1.635,1.471818181818182
2021-05-01,0.018,0.155,1.621,1.466
2021-06-01,0.03590909090909091,0.20272727272727273,1.5190909090909093,1.3163636363636366
2021-07-01,0.05238095238095238,0.21952380952380954,1.3185714285714287,1.0990476190476193
2021-08-01,0.05454545454545454,0.21727272727272728,1.2831818181818182,1.065909090909091
2021-09-01,0.0419047619047619,0.24095238095238097,1.3747619047619049,1.1338095238095238
2021-10-01,0.052000000000000005,0.39249999999999996,1.5825,1.19
2021-11-01,0.051500000000000004,0.508,1.5595,1.0515
2021-12-01,0.05863636363636364,0.68,1.4649999999999999,0.7849999999999998
2022-01-01,0.14550000000000002,0.9804999999999999,1.764,0.7835000000000001
2022-02-01,0.3147368421052632,1.4352631578947368,1.9342105263157894,0.4989473684210526
2022-03-01,0.44739130434782615,1.9095652173913045,2.1278260869565218,0.21826086956521729
2022-04-01,0.7635,2.538,2.7475,0.20950000000000024
2022-05-01,0.9928571428571429,2.6166666666666667,2.8980952380952383,0.2814285714285716
2022-06-01,1.5385714285714287,2.998095238095238,3.1433333333333335,0.1452380952380956
2022-07-01,2.298,3.036,2.896,-0.14000000000000012
2022-08-01,2.721739130434783,3.25,2.8978260869565218,-0.3521739130434782
2022-09-01,3.221904761904762,3.8566666666666665,3.5190476190476194,-0.33761904761904704
2022-10-01,3.8725,4.375,3.9835000000000003,-0.39149999999999974
2022-11-01,4.323,4.5035,3.8909999999999996,-0.6125000000000003
2022-12-01,4.358095238095238,4.288571428571428,3.616190476190476,-0.6723809523809523
2023-01-01,4.6875,4.2075000000000005,3.5315,-0.6760000000000006
2023-02-01,4.787894736842105,4.5336842105263155,3.7468421052631578,-0.7868421052631578
2023-03-01,4.858695652173913,4.302608695652173,3.6630434782608696,-0.6395652173913038
2023-04-01,5.0735,4.016,3.46,-0.556
2023-05-01,5.308181818181819,4.131818181818182,3.5736363636363637,-0.5581818181818181
2023-06-01,5.4157142857142855,4.639523809523809,3.7480952380952384,-0.891428571428571
2023-07-01,5.4885,4.8285,3.8994999999999997,-0.9290000000000003
2023-08-01,5.559130434782609,4.901739130434782,4.167826086956522,-0.7339130434782604
2023-09-01,5.5555,5.022,4.379,-0.6430000000000007
2023-10-01,5.604761904761905,5.067619047619048,4.798095238095239,-0.2695238095238093
2023-11-01,5.522857142857143,4.882380952380952,4.502857142857143,-0.3795238095238096
2023-12-01,5.442,4.457,4.0200000000000005,-0.4369999999999994
2024-01-01,5.453809523809523,4.322857142857143,4.058095238095238,-0.26476190476190453
2024-02-01,5.4405,4.544,4.2075000000000005,-0.33649999999999913
2024-03-01,5.468500000000001,4.588,4.2085,-0.37950000000000017
2024-04-01,5.443636363636364,4.873181818181818,4.539090909090909,-0.334090909090909
2024-05-01,5.455,4.856363636363636,4.482272727272727,-0.37409090909090903
2024-06-01,5.5063157894736845,4.7368421052631575,4.3052631578947365,-0.43157894736842106
2024-07-01,5.431818181818182,4.495909090909091,4.248636363636364,-0.2472727272727271
2024-08-01,5.295454545454546,3.9654545454545453,3.8709090909090906,-0.09454545454545471
2024-09-01,4.922,3.6225,3.7235,0.10099999999999998
2024-10-01,4.718181818181818,3.972272727272727,4.095454545454545,0.12318181818181761
2024-11-01,4.62,4.2573684210526315,4.35578947368421,0.0984210526315783
2024-12-01,4.39095238095238,4.225714285714285,4.3914285714285715,0.16571428571428637
2025-01-01,4.342857142857143,4.271904761904762,4.629047619047618,0.35714285714285676
2025-02-01,4.332105263157895,4.21,4.451052631578947,0.24105263157894719
2025-03-01,4.335714285714285,3.97,4.2804761904761905,0.31047619047619035
2025-04-01,4.322380952380952,3.7776190476190474,4.279047619047619,0.5014285714285713
2025-05-01,4.361428571428571,3.9199999999999995,4.423809523809524,0.5038095238095246
2025-06-01,4.421,3.8890000000000002,4.3835,0.4944999999999995
2025-07-01,4.412272727272728,3.8822727272727273,4.391818181818182,0.5095454545454543
2025-08-01,4.3047619047619055,3.703809523809524,4.2647619047619045,0.5609523809523806
2025-09-01,4.065714285714286,3.5685714285714285,4.12047619047619,0.5519047619047619
2025-10-01,3.977727272727273,3.5213636363636365,4.0618181818181816,0.5404545454545451
2025-11-01,3.9372222222222226,3.55,4.0938888888888885,0.5438888888888886
2025-12-01,3.6795454545454547,3.5009090909090905,4.1431818181818185,0.642272727272728
2026-01-01,3.6655,3.537,4.2135,0.6764999999999999
2026-02-01,3.687894736842105,3.4715789473684215,4.12578947368421,0.6542105263157887
2026-03-01,3.7190909090909092,3.7145454545454544,4.245909090909091,0.5313636363636367
2026-04-01,3.6963636363636367,3.799090909090909,4.319090909090909,0.5200000000000005
2026-05-01,3.6855,3.995,4.484,0.4889999999999999
2026-06-01,3.810952380952381,4.112857142857143,4.47047619047619,0.35761904761904706
2026-07-01,3.8668181818181817,4.222727272727273,4.599545454545455,0.37681818181818194
2026-08-01,3.8766666666666665,4.2161904761904765,4.684285714285714,0.4680952380952377
2026-09-01,4.092857142857143,4.651428571428571,4.989047619047619,0.3376190476190475
2026-10-01,4.193333333333333,4.816666666666666,5.276666666666666,0.45999999999999996
