symbol,end,diluted_shares
AMZN,2008-06-30,8600000000.0
AMZN,2008-09-30,8720000000.0
AMZN,2008-12-31,8560000000.0
AMZN,2009-03-31,8740000000.0
AMZN,2009-06-30,8800000000.0
AMZN,2009-09-30,8820000000.0
AMZN,2009-12-31,9000000000.0
AMZN,2010-03-31,9080000000.0
AMZN,2010-06-30,9100000000.0
AMZN,2010-09-30,9120000000.0
AMZN,2010-12-31,9160000000.0
AMZN,2011-03-31,9200000000.0
AMZN,2011-06-30,9160000000.0
AMZN,2011-09-30,9040000000.0
AMZN,2011-12-31,9220000000.0
AMZN,2012-03-31,9200000000.0
AMZN,2012-06-30,9160000000.0
AMZN,2012-09-30,9040000000.0
AMZN,2012-12-31,9220000000.0
AMZN,2013-03-31,9260000000.0
AMZN,2013-06-30,9120000000.0
AMZN,2013-09-30,9140000000.0
AMZN,2013-12-31,9340000000.0
AMZN,2014-03-31,9360000000.0
AMZN,2014-06-30,9220000000.0
AMZN,2014-09-30,9260000000.0
AMZN,2014-12-31,9440000000.0
AMZN,2015-03-31,9300000000.0
AMZN,2015-06-30,9520000000.0
AMZN,2015-09-30,9560000000.0
AMZN,2015-12-31,9620000000.0
AMZN,2016-03-31,9620000000.0
AMZN,2016-06-30,9660000000.0
AMZN,2016-09-30,9700000000.0
AMZN,2016-12-31,9720000000.0
AMZN,2017-03-31,9800000000.0
AMZN,2017-06-30,9840000000.0
AMZN,2017-09-30,9880000000.0
AMZN,2017-12-31,9920000000.0
AMZN,2018-03-31,9960000000.0
AMZN,2018-06-30,10000000000.0
AMZN,2018-09-30,10020000000.0
AMZN,2018-12-31,10020000000.0
AMZN,2019-03-31,10040000000.0
AMZN,2019-06-30,10060000000.0
AMZN,2019-09-30,10080000000.0
AMZN,2019-12-31,10100000000.0
AMZN,2020-03-31,10120000000.0
AMZN,2020-06-30,10180000000.0
AMZN,2020-09-30,10240000000.0
AMZN,2020-12-31,10260000000.0
AMZN,2021-03-31,10260000000.0
AMZN,2021-06-30,10286000000.0
AMZN,2021-09-30,10309000000.0
AMZN,2021-12-31,10175000000.0
AMZN,2022-03-31,10171000000.0
AMZN,2022-06-30,10175000000.0
AMZN,2022-09-30,10331000000.0
AMZN,2022-12-31,10242000000.0
AMZN,2023-03-31,10347000000.0
AMZN,2023-06-30,10449000000.0
AMZN,2023-09-30,10558000000.0
AMZN,2023-12-31,10383000000.0
AMZN,2024-03-31,10670000000.0
AMZN,2024-06-30,10708000000.0
AMZN,2024-09-30,10735000000.0
AMZN,2024-12-31,10593000000.0
AMZN,2025-03-31,10793000000.0
AMZN,2025-06-30,10806000000.0
AMZN,2025-09-30,10845000000.0
AMZN,2025-12-31,10731000000.0
AMZN,2026-03-31,10874000000.0
AMZN,2026-06-30,10903000000.0
AVGO,2016-01-31,2780000000.0
AVGO,2017-04-30,4420000000.0
AVGO,2017-07-30,4450000000.0
AVGO,2017-10-29,4087321550.0
AVGO,2018-02-04,4260000000.0
AVGO,2018-05-06,4480000000.0
AVGO,2018-08-05,4410000000.0
AVGO,2018-11-04,4076376180.0
AVGO,2019-02-03,4190000000.0
AVGO,2019-05-05,4220000000.0
AVGO,2019-08-04,4180000000.0
AVGO,2019-11-03,3980000000.0
AVGO,2020-02-02,4200000000.0
AVGO,2020-05-03,4170000000.0
AVGO,2020-08-02,4220000000.0
AVGO,2020-11-01,4070000000.0
AVGO,2021-01-31,4280000000.0
AVGO,2021-05-02,4290000000.0
AVGO,2021-08-01,4290000000.0
AVGO,2021-10-31,4130000000.0
AVGO,2022-01-30,4290000000.0
AVGO,2022-05-01,4240000000.0
AVGO,2022-07-31,4300000000.0
AVGO,2022-10-30,4180000000.0
AVGO,2023-01-29,4290000000.0
AVGO,2023-04-30,4270000000.0
AVGO,2023-07-30,4269000000.0
AVGO,2023-10-29,4139000000.0
AVGO,2024-02-04,4666000000.0
AVGO,2024-05-05,4799000000.0
AVGO,2024-08-04,4663000000.0
AVGO,2024-11-03,4686000000.0
AVGO,2025-02-02,4836000000.0
AVGO,2025-05-04,4826000000.0
AVGO,2025-08-03,4860000000.0
AVGO,2025-11-02,4741000000.0
AVGO,2026-02-01,4888000000.0
AVGO,2026-05-03,4876000000.0
AVGO,2026-08-02,4887000000.0
GOOGL,2014-12-31,13603440000.0
GOOGL,2015-12-31,13746960000.0
GOOGL,2016-03-31,13735840000.0
GOOGL,2016-06-30,13735560000.0
GOOGL,2016-09-30,13782720000.0
GOOGL,2016-12-31,13825860000.0
GOOGL,2017-03-31,13842160000.0
GOOGL,2017-06-30,13857520000.0
GOOGL,2017-09-30,13895800000.0
GOOGL,2017-12-31,13895660000.0
GOOGL,2018-03-31,13898900000.0
GOOGL,2018-06-30,13918920000.0
GOOGL,2018-09-30,13919140000.0
GOOGL,2018-12-31,13911120000.0
GOOGL,2019-03-31,13895640000.0
GOOGL,2019-06-30,13881000000.0
GOOGL,2019-09-30,13818120000.0
GOOGL,2019-12-31,13766700000.0
GOOGL,2020-03-31,13679440000.0
GOOGL,2020-06-30,13624300000.0
GOOGL,2020-09-30,13554480000.0
GOOGL,2020-12-31,13504440000.0
GOOGL,2021-03-31,13421880000.0
GOOGL,2021-06-30,13352740000.0
GOOGL,2021-09-30,13293640000.0
GOOGL,2021-12-31,13242000000.0
GOOGL,2022-03-31,13175260000.0
GOOGL,2022-06-30,13078000000.0
GOOGL,2022-09-30,12971000000.0
GOOGL,2022-12-31,12849000000.0
GOOGL,2023-03-31,12722000000.0
GOOGL,2023-06-30,12764000000.0
GOOGL,2023-09-30,12696000000.0
GOOGL,2023-12-31,12460000000.0
GOOGL,2024-03-31,12527000000.0
GOOGL,2024-06-30,12495000000.0
GOOGL,2024-09-30,12419000000.0
GOOGL,2024-12-31,12211000000.0
GOOGL,2025-03-31,12291000000.0
GOOGL,2025-06-30,12198000000.0
GOOGL,2025-09-30,12203000000.0
GOOGL,2025-12-31,12088000000.0
GOOGL,2026-03-31,12238000000.0
GOOGL,2026-06-30,12309000000.0
META,2011-06-30,1510000000.0
META,2011-09-30,1520000000.0
META,2012-03-31,1527000000.0
META,2012-06-30,1879000000.0
META,2012-09-30,2420000000.0
META,2013-03-31,2499000000.0
META,2013-06-30,2502000000.0
META,2013-09-30,2528000000.0
META,2014-03-31,2609000000.0
META,2014-06-30,2615000000.0
META,2014-09-30,2644000000.0
META,2015-03-31,2836000000.0
META,2015-06-30,2850000000.0
META,2015-09-30,2863000000.0
META,2016-03-31,2905000000.0
META,2016-06-30,2921000000.0
META,2016-09-30,2931000000.0
META,2017-03-31,2944000000.0
META,2017-06-30,2951000000.0
META,2017-09-30,2956000000.0
META,2018-03-31,2945000000.0
META,2018-06-30,2930000000.0
META,2018-09-30,2913000000.0
META,2019-03-31,2869000000.0
META,2019-06-30,2875000000.0
META,2019-09-30,2874000000.0
META,2020-03-31,2868000000.0
META,2020-06-30,2879000000.0
META,2020-09-30,2891000000.0
META,2021-03-31,2882000000.0
META,2021-06-30,2877000000.0
META,2021-09-30,2859000000.0
META,2022-03-31,2742000000.0
META,2022-06-30,2713000000.0
META,2022-09-30,2687000000.0
META,2023-03-31,2596000000.0
META,2023-06-30,2612000000.0
META,2023-09-30,2641000000.0
META,2024-03-31,2625000000.0
META,2024-06-30,2610000000.0
META,2024-09-30,2600000000.0
META,2025-03-31,2590000000.0
META,2025-06-30,2570000000.0
META,2025-09-30,2572000000.0
META,2026-03-31,2564000000.0
META,2026-06-30,2566000000.0
MSFT,2007-06-30,9380000000.0
MSFT,2008-06-30,9151000000.0
MSFT,2008-09-30,9183000000.0
MSFT,2008-12-31,8914000000.0
MSFT,2009-03-31,8904000000.0
MSFT,2009-06-30,8908000000.0
MSFT,2009-09-30,8983000000.0
MSFT,2009-12-31,8951000000.0
MSFT,2010-03-31,8876000000.0
MSFT,2010-06-30,8668000000.0
MSFT,2010-09-30,8695000000.0
MSFT,2010-12-31,8570000000.0
MSFT,2011-03-31,8510000000.0
MSFT,2011-06-30,8376000000.0
MSFT,2011-09-30,8490000000.0
MSFT,2011-12-31,8465000000.0
MSFT,2012-03-31,8498000000.0
MSFT,2012-06-30,8381000000.0
MSFT,2012-09-30,8494000000.0
MSFT,2012-12-31,8444000000.0
MSFT,2013-03-31,8429000000.0
MSFT,2013-06-30,8328000000.0
MSFT,2013-09-30,8434000000.0
MSFT,2013-12-31,8395000000.0
MSFT,2014-03-31,8367000000.0
MSFT,2014-06-30,8239000000.0
MSFT,2014-09-30,8351000000.0
MSFT,2014-12-31,8297000000.0
MSFT,2015-03-31,8237000000.0
MSFT,2015-06-30,8027000000.0
MSFT,2015-09-30,8084000000.0
MSFT,2015-12-31,8051000000.0
MSFT,2016-03-31,7985000000.0
MSFT,2016-06-30,7808000000.0
MSFT,2016-09-30,7876000000.0
MSFT,2016-12-31,7830000000.0
MSFT,2017-03-31,7813000000.0
MSFT,2017-06-30,7708000000.0
MSFT,2017-09-30,7799000000.0
MSFT,2017-12-31,7710000000.0
MSFT,2018-03-31,7794000000.0
MSFT,2018-06-30,7677000000.0
MSFT,2018-09-30,7766000000.0
MSFT,2018-12-31,7768000000.0
MSFT,2019-03-31,7744000000.0
MSFT,2019-06-30,7643000000.0
MSFT,2019-09-30,7710000000.0
MSFT,2019-12-31,7691000000.0
MSFT,2020-03-31,7675000000.0
MSFT,2020-06-30,7571000000.0
MSFT,2020-09-30,7637000000.0
MSFT,2020-12-31,7616000000.0
MSFT,2021-03-31,7597000000.0
MSFT,2021-06-30,7519000000.0
MSFT,2021-09-30,7567000000.0
MSFT,2021-12-31,7555000000.0
MSFT,2022-03-31,7534000000.0
MSFT,2022-06-30,7464000000.0
MSFT,2022-09-30,7485000000.0
MSFT,2022-12-31,7473000000.0
MSFT,2023-03-31,7464000000.0
MSFT,2023-06-30,7432000000.0
MSFT,2023-09-30,7462000000.0
MSFT,2023-12-31,7468000000.0
MSFT,2024-03-31,7472000000.0
MSFT,2024-06-30,7434000000.0
MSFT,2024-09-30,7470000000.0
MSFT,2024-12-31,7468000000.0
MSFT,2025-03-31,7461000000.0
MSFT,2025-06-30,7434000000.0
MSFT,2025-09-30,7466000000.0
MSFT,2025-12-31,7460000000.0
MSFT,2026-03-31,7445000000.0
MSFT,2026-06-30,7427000000.0
NVDA,2008-07-27,22216680000.0
NVDA,2008-10-26,22581440000.0
NVDA,2009-01-25,21538430640.0
NVDA,2009-04-26,21692280.0
NVDA,2009-07-26,21865560.0
NVDA,2009-10-25,22975240.0
NVDA,2010-01-31,22458634040.0
NVDA,2010-05-02,23639880.0
NVDA,2010-08-01,22910560.0
NVDA,2010-10-31,23305920000.0
NVDA,2011-01-30,23542228040.0
NVDA,2011-05-01,24538960000.0
NVDA,2011-07-31,24557360000.0
NVDA,2011-10-30,24542400000.0
NVDA,2012-01-29,24487656480.0
NVDA,2012-04-29,24951440000.0
NVDA,2012-07-29,24925720000.0
NVDA,2012-10-28,25153800000.0
NVDA,2013-01-27,24670245360.0
NVDA,2013-04-28,24772080000.0
NVDA,2013-07-28,23680240000.0
NVDA,2013-10-27,23550080000.0
NVDA,2014-01-26,22719880000.0
NVDA,2014-04-27,22800000000.0
NVDA,2014-07-27,22840000000.0
NVDA,2014-10-26,22320000000.0
NVDA,2015-01-25,21800000000.0
NVDA,2015-04-26,22720000000.0
NVDA,2015-07-26,22240000000.0
NVDA,2015-10-25,22600000000.0
NVDA,2016-01-31,21560000000.0
NVDA,2016-05-01,23960000000.0
NVDA,2016-07-31,25360000000.0
NVDA,2016-10-30,26120000000.0
NVDA,2017-01-29,23400000000.0
NVDA,2017-04-30,25640000000.0
NVDA,2017-07-30,25320000000.0
NVDA,2017-10-29,25120000000.0
NVDA,2018-01-28,24240000000.0
NVDA,2018-04-29,25080000000.0
NVDA,2018-07-29,25040000000.0
NVDA,2018-10-28,25000000000.0
NVDA,2019-01-27,24240000000.0
NVDA,2019-04-28,24640000000.0
NVDA,2019-07-28,24640000000.0
NVDA,2019-10-27,24720000000.0
NVDA,2020-01-26,24480000000.0
NVDA,2020-04-26,24880000000.0
NVDA,2020-07-26,25040000000.0
NVDA,2020-10-25,25200000000.0
NVDA,2021-01-31,24790000000.0
NVDA,2021-05-02,25280000000.0
NVDA,2021-08-01,25320000000.0
NVDA,2021-10-31,25380000000.0
NVDA,2022-01-30,25060000000.0
NVDA,2022-05-01,25370000000.0
NVDA,2022-07-31,25160000000.0
NVDA,2022-10-30,24990000000.0
NVDA,2023-01-29,24660000000.0
NVDA,2023-04-30,24900000000.0
NVDA,2023-07-30,24994000000.0
NVDA,2023-10-29,24940000000.0
NVDA,2024-01-28,24643000000.0
NVDA,2024-04-28,24890000000.0
NVDA,2024-07-28,24848000000.0
NVDA,2024-10-27,24774000000.0
NVDA,2025-01-26,24477000000.0
NVDA,2025-04-27,24611000000.0
NVDA,2025-07-27,24532000000.0
NVDA,2025-10-26,24483000000.0
NVDA,2026-01-25,24304000000.0
NVDA,2026-04-26,24391000000.0
NVDA,2026-07-26,24285000000.0
ORCL,2008-08-31,5235000000.0
ORCL,2008-11-30,5187000000.0
ORCL,2009-02-28,5056000000.0
ORCL,2009-05-31,5005000000.0
ORCL,2009-08-31,5063000000.0
ORCL,2009-11-30,5064000000.0
ORCL,2010-02-28,5076000000.0
ORCL,2010-05-31,5026000000.0
ORCL,2010-08-31,5083000000.0
ORCL,2010-11-30,5117000000.0
ORCL,2011-02-28,5149000000.0
ORCL,2011-05-31,5068000000.0
ORCL,2011-08-31,5150000000.0
ORCL,2011-11-30,5123000000.0
ORCL,2012-02-29,5080000000.0
ORCL,2012-05-31,4905000000.0
ORCL,2012-08-31,4939000000.0
ORCL,2012-11-30,4868000000.0
ORCL,2013-02-28,4812000000.0
ORCL,2013-05-31,4646000000.0
ORCL,2013-08-31,4674000000.0
ORCL,2013-11-30,4600000000.0
ORCL,2014-02-28,4575000000.0
ORCL,2014-05-31,4464000000.0
ORCL,2014-08-31,4548000000.0
ORCL,2014-11-30,4505000000.0
ORCL,2015-02-28,4494000000.0
ORCL,2015-05-31,4343000000.0
ORCL,2015-08-31,4412000000.0
ORCL,2015-11-30,4316000000.0
ORCL,2016-02-29,4256000000.0
ORCL,2016-05-31,4131000000.0
ORCL,2016-08-31,4221000000.0
ORCL,2016-11-30,4195000000.0
ORCL,2017-02-28,4204000000.0
ORCL,2017-05-31,4137000000.0
ORCL,2017-08-31,4284000000.0
ORCL,2017-11-30,4283000000.0
ORCL,2018-02-28,4122000000.0
ORCL,2018-05-31,3997000000.0
ORCL,2018-08-31,3999000000.0
ORCL,2018-11-30,3817000000.0
ORCL,2019-02-28,3617000000.0
ORCL,2019-05-31,3359000000.0
ORCL,2019-08-31,3410000000.0
ORCL,2019-11-30,3331000000.0
ORCL,2020-02-29,3271000000.0
ORCL,2020-05-31,3067000000.0
ORCL,2020-08-31,3107000000.0
ORCL,2020-11-30,3046000000.0
ORCL,2021-02-28,2994000000.0
ORCL,2021-05-31,2814000000.0
ORCL,2021-08-31,2861000000.0
ORCL,2021-11-30,2694000000.0
ORCL,2022-02-28,2754000000.0
ORCL,2022-05-31,2665000000.0
ORCL,2022-08-31,2747000000.0
ORCL,2022-11-30,2746000000.0
ORCL,2023-02-28,2776000000.0
ORCL,2023-05-31,2713000000.0
ORCL,2023-08-31,2823000000.0
ORCL,2023-11-30,2817000000.0
ORCL,2024-02-29,2819000000.0
ORCL,2024-05-31,2755000000.0
ORCL,2024-08-31,2851000000.0
ORCL,2024-11-30,2869000000.0
ORCL,2025-02-28,2874000000.0
ORCL,2025-05-31,2807000000.0
ORCL,2025-08-31,2909000000.0
ORCL,2025-11-30,2922000000.0
ORCL,2026-02-28,2912000000.0
ORCL,2026-05-31,2880000000.0
ORCL,2026-08-31,3000000000.0
