d,total,pct_gdp
2016-01,1780118892958.908,0.09466243704285726
2016-02,1685171066703.93,0.08961334023209414
2016-03,1818235025991.8022,0.09668936123191861
2016-04,1772524301745.4148,0.0942585749663088
2016-05,1867277795929.6416,0.09929733766540912
2016-06,1802602592016.1438,0.09585806602860347
2016-07,1965334408455.3528,0.10451175224556225
2016-08,1992924034726.41,0.10597890214788071
2016-09,2047022132678.9856,0.10885570875435507
2016-10,2053031687387.9243,0.10917528240560986
2016-11,1996609894968.338,0.10617490732173757
2016-12,2016160760562.3628,0.10721457528478663
2017-01,2142973073575.3633,0.10926789354732926
2017-02,2190067414792.099,0.11166918338442759
2017-03,2266068514673.004,0.11554439777403788
2017-04,2423792943119.2017,0.12358659684307177
2017-05,2548251764431.9917,0.12993261836145822
2017-06,2500363641435.776,0.1274908544446575
2017-07,2620123304436.3403,0.13359727093181242
2017-08,2663169082982.788,0.13579212891013864
2017-09,2665700147000.885,0.1359211851437895
2017-10,2900533153182.891,0.14789506770783117
2017-11,2931193799202.756,0.14945842109136268
2017-12,2922092216668.027,0.14899434118117613
2018-01,3297294380714.318,0.15962490386637893
2018-02,3227746325721.7407,0.15625802171681522
2018-03,3052782352191.5435,0.14778786278342115
2018-04,3150221665251.923,0.15250498512197908
2018-05,3368931653125.7627,0.1630929268578381
2018-06,3395488678167.2666,0.16437857565948036
2018-07,3506046728677.9785,0.1697307875480056
2018-08,3707436918682.4033,0.1794802627259313
2018-09,3701763125493.8506,0.179205589436953
2018-10,3256889457370.758,0.15766886620041626
2018-11,3274850397924.6094,0.15853837103626814
2018-12,3009605280855.955,0.1456976230094153
2019-01,3329172680566.5986,0.15455782091956244
2019-02,3343097922248.535,0.15520430436053917
2019-03,3532259398666.84,0.16398618154215913
2019-04,3811394105799.713,0.17694509242392648
2019-05,3486401638556.9766,0.1618572215407133
2019-06,3696749419204.712,0.17162267912780577
2019-07,3799823895095.825,0.17640794198880136
2019-08,3706080725635.5283,0.17205588777351477
2019-09,3712591489719.8486,0.17235815191116913
2019-10,3853786401135.1016,0.17891316720390488
2019-11,4002059224846.4966,0.18579677665684663
2019-12,4105535082852.9355,0.1906006738006065
2020-01,4331024231288.147,0.202618353007296
2020-02,4113890964182.2812,0.19246020504630004
2020-03,3889098930091.2476,0.18194375690739445
2020-04,4604637590511.475,0.2154188097228511
2020-05,4775523270641.174,0.22341335632692613
2020-06,5102171413811.492,0.23869493990799429
2020-07,5474825730920.41,0.25612883081726084
2020-08,6077386768374.634,0.2843184502872563
2020-09,5646899741030.731,0.264178971075549
2020-10,5594434046495.361,0.26172446792607595
2020-11,5923584309084.168,0.27712310818670255
2020-12,6042119173262.635,0.28266852600733694
2021-01,6090993277975.77,0.2567261407635396
2021-02,6200726454491.883,0.26135122794309207
2021-03,6350826541088.333,0.2676777192395964
2021-04,7005152530174.18,0.29525656858535054
2021-05,6914186489866.333,0.29142248777077856
2021-06,7366031613335.419,0.31046707532441875
2021-07,7624044174494.019,0.321341913970896
2021-08,8113539622860.718,0.3419734056907923
2021-09,7555762204873.657,0.31846393237670284
2021-10,8283799055755.921,0.34914958289883885
2021-11,8425699465351.867,0.35513047022965516
2021-12,8373207230850.22,0.35291800205432644
2022-01,7642270377769.471,0.2933173516893964
2022-02,7283942973480.225,0.27956441701574336
2022-03,7604375010570.984,0.2918628927133975
2022-04,6312778540295.41,0.2422902346699671
2022-05,6212074799754.181,0.23842513267531734
2022-06,5636925933753.967,0.21635039128785277
2022-07,6316111852996.826,0.24241817027098642
2022-08,5896899438766.4795,0.22632841303143003
2022-09,5180008596252.441,0.19881348448502983
2022-10,5020269396335.602,0.1926825473728224
2022-11,5415590300796.509,0.20785532653819047
2022-12,4932902032642.364,0.18932930776262372
2023-01,5554081931159.973,0.19970438617785477
2023-02,5526343404006.958,0.19870701062466165
2023-03,6308609499977.111,0.22683442618312089
2023-04,6595338347320.557,0.23714414238247258
2023-05,7523590373733.5205,0.2705206757953376
2023-06,7917271047180.176,0.28467598682877227
2023-07,8289224398063.66,0.29805006314699267
2023-08,8356338974159.24,0.30046325679247343
2023-09,7893313415008.545,0.28381455837193437
2023-10,7956309057418.823,0.2860796502908785
2023-11,8793415644798.279,0.3161789284920445
2023-12,9055296446891.785,0.3255952002507373
2024-01,9675845525703.43,0.33025603223342925
2024-02,10815199218940.734,0.3691444610575036
2024-03,11432795860839.844,0.39022427428234957
2024-04,11022577978652.953,0.376222714443227
2024-05,12059997469024.658,0.41163192428867645
2024-06,13218336199172.973,0.4511683505353408
2024-07,12557895123718.262,0.42862617078223914
2024-08,12542602416793.824,0.4281041999945124
2024-09,13070347773880.004,0.4461172084905555
2024-10,13196307085479.736,0.4504164526611322
2024-11,13701185648834.229,0.46764897158159596
2024-12,14197021300949.098,0.4845728377876376
2025-01,14364295232856.75,0.4668324758725873
2025-02,13529379043716.43,0.43969811352455274
2025-03,12112036184898.375,0.3936351730728078
2025-04,12329045094955.445,0.40068785509626176
2025-05,14393831315734.863,0.46779238392752814
2025-06,15947292476974.488,0.5182791017453693
2025-07,17317603979537.965,0.5628135464284009
2025-08,17112953969909.668,0.5561625225435954
2025-09,18102296621917.727,0.588315668398383
2025-10,19131350167617.797,0.6217593986167494
2025-11,18610323738739.016,0.6048262979079749
2025-12,18342496870880.125,0.596122057442228
2026-01,18403293442642.21,0.5980979158926545
2026-02,16910815208251.953,0.5495931129732157
2026-03,16186631060241.7,0.5260574870811773
2026-04,19574381457183.836,0.6361576959536114
2026-05,20549945374832.152,0.6678630397706884
2026-06,18357677901458.742,0.5966154334120496
2026-07,19372002799133.3,0.6295804898693618
2026-08,19864452635528.562,0.6455848654854797
2026-09,20296257250366.21,0.6596183014578046
2026-10,20874837344543.457,0.6784218677641789
