m,d,nasdaq,leaders,era
0,1995-08,100.0,100.0,dotcom
1,1995-09,102.3,98.1,dotcom
2,1995-10,101.6,105.6,dotcom
3,1995-11,103.8,103.9,dotcom
4,1995-12,103.1,99.0,dotcom
5,1996-01,103.9,105.6,dotcom
6,1996-02,107.8,111.6,dotcom
7,1996-03,108.0,109.6,dotcom
8,1996-04,116.7,119.4,dotcom
9,1996-05,121.9,130.8,dotcom
10,1996-06,116.2,135.7,dotcom
11,1996-07,105.9,128.6,dotcom
12,1996-08,111.9,128.9,dotcom
13,1996-09,120.3,146.8,dotcom
14,1996-10,119.7,151.2,dotcom
15,1996-11,126.7,170.6,dotcom
16,1996-12,126.6,164.9,dotcom
17,1997-01,135.3,191.7,dotcom
18,1997-02,128.3,174.6,dotcom
19,1997-03,119.8,166.4,dotcom
20,1997-04,123.6,183.1,dotcom
21,1997-05,137.3,199.1,dotcom
22,1997-06,141.4,200.5,dotcom
23,1997-07,156.2,229.4,dotcom
24,1997-08,155.6,225.1,dotcom
25,1997-09,165.2,229.2,dotcom
26,1997-10,156.2,219.9,dotcom
27,1997-11,156.9,229.7,dotcom
28,1997-12,153.9,198.6,dotcom
29,1998-01,158.7,222.6,dotcom
30,1998-02,173.6,240.8,dotcom
31,1998-03,179.9,248.4,dotcom
32,1998-04,183.2,250.0,dotcom
33,1998-05,174.4,237.2,dotcom
34,1998-06,185.7,277.1,dotcom
35,1998-07,183.5,293.2,dotcom
36,1998-08,147.0,244.9,dotcom
37,1998-09,166.0,288.9,dotcom
38,1998-10,173.6,292.9,dotcom
39,1998-11,191.1,340.9,dotcom
40,1998-12,214.9,395.1,dotcom
41,1999-01,245.6,486.5,dotcom
42,1999-02,224.3,435.9,dotcom
43,1999-03,241.3,479.8,dotcom
44,1999-04,249.3,506.8,dotcom
45,1999-05,242.2,483.3,dotcom
46,1999-06,263.3,593.7,dotcom
47,1999-07,258.6,604.3,dotcom
48,1999-08,268.5,676.7,dotcom
49,1999-09,269.2,677.5,dotcom
50,1999-10,290.8,731.6,dotcom
51,1999-11,327.0,920.9,dotcom
52,1999-12,398.9,1383.4,dotcom
53,2000-01,386.3,1193.8,dotcom
54,2000-02,460.4,1393.4,dotcom
55,2000-03,448.3,1544.9,dotcom
56,2000-04,378.5,1300.4,dotcom
57,2000-05,333.4,1049.0,dotcom
58,2000-06,388.8,1146.9,dotcom
59,2000-07,369.3,1126.1,dotcom
60,2000-08,412.3,1201.0,dotcom
61,2000-09,360.0,1020.7,dotcom
62,2000-10,330.3,973.5,dotcom
63,2000-11,254.7,909.6,dotcom
64,2000-12,242.2,835.3,dotcom
65,2001-01,271.8,886.4,dotcom
66,2001-02,210.9,619.0,dotcom
67,2001-03,180.4,539.0,dotcom
68,2001-04,207.5,592.9,dotcom
69,2001-05,206.9,603.2,dotcom
70,2001-06,211.8,627.2,dotcom
71,2001-07,198.7,632.3,dotcom
72,2001-08,177.0,541.6,dotcom
73,2001-09,146.9,453.4,dotcom
74,2001-10,165.7,513.8,dotcom
75,2001-11,189.3,600.8,dotcom
76,2001-12,191.2,559.3,dotcom
77,2002-01,189.6,575.2,dotcom
78,2002-02,169.7,477.9,dotcom
79,2002-03,180.9,489.9,dotcom
80,2002-04,165.5,415.0,dotcom
81,2002-05,158.4,407.0,dotcom
82,2002-06,143.4,375.4,dotcom
83,2002-07,130.2,364.5,dotcom
84,2002-08,128.9,362.3,dotcom
85,2002-09,114.9,315.4,dotcom
86,2002-10,130.4,384.0,dotcom
87,2002-11,145.0,457.0,dotcom
88,2002-12,130.9,397.3,dotcom
89,2003-01,129.5,404.2,dotcom
90,2003-02,131.1,401.2,dotcom
91,2003-03,131.5,392.4,dotcom
92,2003-04,143.5,406.9,dotcom
93,2003-05,156.4,431.1,dotcom
94,2003-06,159.1,438.1,dotcom
95,2003-07,170.1,471.4,dotcom
96,2003-08,177.5,498.6,dotcom
0,2022-11,100.0,100.0,ai
1,2022-12,91.3,93.9,ai
2,2023-01,101.0,108.2,ai
3,2023-02,99.9,112.1,ai
4,2023-03,106.6,128.2,ai
5,2023-04,106.6,133.5,ai
6,2023-05,112.8,157.3,ai
7,2023-06,120.2,169.4,ai
8,2023-07,125.1,179.6,ai
9,2023-08,122.4,181.0,ai
10,2023-09,115.3,168.7,ai
11,2023-10,112.1,167.6,ai
12,2023-11,124.1,185.8,ai
13,2023-12,130.9,196.4,ai
14,2024-01,132.2,215.5,ai
15,2024-02,140.3,249.7,ai
16,2024-03,142.8,264.6,ai
17,2024-04,136.5,250.9,ai
18,2024-05,145.9,279.5,ai
19,2024-06,154.6,313.3,ai
20,2024-07,153.5,300.0,ai
21,2024-08,154.5,306.0,ai
22,2024-09,158.6,324.2,ai
23,2024-10,157.8,331.5,ai
24,2024-11,167.6,341.8,ai
25,2024-12,168.4,360.2,ai
26,2025-01,171.1,363.0,ai
27,2025-02,164.3,348.4,ai
28,2025-03,150.8,303.4,ai
29,2025-04,152.1,308.5,ai
30,2025-05,166.7,369.1,ai
31,2025-06,177.6,423.2,ai
32,2025-07,184.2,462.0,ai
33,2025-08,187.1,451.5,ai
34,2025-09,197.6,484.0,ai
35,2025-10,206.9,503.6,ai
36,2025-11,203.7,482.8,ai
37,2025-12,202.7,473.9,ai
38,2026-01,204.6,477.1,ai
39,2026-02,197.7,440.2,ai
40,2026-03,188.3,421.4,ai
41,2026-04,217.1,504.2,ai
42,2026-05,235.2,538.7,ai
43,2026-06,228.6,475.8,ai
44,2026-07,221.3,485.8,ai
45,2026-08,230.0,501.3,ai
46,2026-09,234.2,518.9,ai
47,2026-10,239.5,536.2,ai
