date,cape,speed,leverage,trend,gauge
1997-01-01,0.5280898876404494,0.7219101123595506,0.0056179775280898875,0.8455056179775281,0.5252808988764045
1997-02-01,0.5898876404494382,0.6741573033707865,0.008426966292134831,0.7893258426966292,0.5154494382022472
1997-03-01,0.5561797752808989,0.6657303370786517,0.011235955056179775,0.6544943820224719,0.4719101123595506
1997-04-01,0.49719101123595505,0.7191011235955056,0.0028089887640449437,0.7106741573033708,0.4824438202247191
1997-05-01,0.6179775280898876,0.8426966292134831,0.03932584269662921,0.8230337078651685,0.5807584269662921
1997-06-01,0.6882022471910112,0.8820224719101124,0.05056179775280899,0.8398876404494382,0.6151685393258427
1997-07-01,0.7471910112359551,0.9382022471910112,0.05898876404494382,0.8792134831460674,0.6558988764044944
1997-08-01,0.7359550561797753,0.8932584269662921,0.07865168539325842,0.8707865168539326,0.6446629213483146
1997-09-01,0.7443820224719101,0.9410112359550562,0.13202247191011235,0.9073033707865169,0.6811797752808989
1997-10-01,0.7528089887640449,0.8876404494382022,0.15168539325842698,0.8651685393258427,0.6643258426966292
1997-11-01,0.7275280898876404,0.9185393258426966,0.13764044943820225,0.8623595505617978,0.6615168539325842
1997-12-01,0.7556179775280899,0.901685393258427,0.12359550561797752,0.851123595505618,0.6580056179775281
1998-01-01,0.75,0.9241573033707865,0.0898876404494382,0.8567415730337079,0.6551966292134831
1998-02-01,0.7949438202247191,0.9466292134831461,0.14606741573033707,0.8960674157303371,0.6959269662921348
1998-03-01,0.8314606741573034,0.949438202247191,0.17696629213483145,0.9185393258426966,0.7191011235955056
1998-04-01,0.8707865168539326,0.9438202247191011,0.1797752808988764,0.9213483146067416,0.7289325842696629
1998-05-01,0.851123595505618,0.898876404494382,0.20224719101123595,0.8679775280898876,0.7050561797752809
1998-06-01,0.8455056179775281,0.8904494382022472,0.2247191011235955,0.9044943820224719,0.7162921348314607
1998-07-01,0.898876404494382,0.8342696629213483,0.2640449438202247,0.8820224719101124,0.7198033707865169
1998-08-01,0.8174157303370787,0.5028089887640449,0.23314606741573032,0.6460674157303371,0.5498595505617978
1998-09-01,0.7696629213483146,0.6769662921348315,0.17134831460674158,0.8117977528089888,0.6074438202247191
1998-10-01,0.7780898876404494,0.7415730337078652,0.11797752808988764,0.8342696629213483,0.6179775280898876
1998-11-01,0.8764044943820225,0.8146067415730337,0.19382022471910113,0.8764044943820225,0.690308988764045
1998-12-01,0.9129213483146067,0.9073033707865169,0.19101123595505617,0.9410112359550562,0.738061797752809
1999-01-01,0.9466292134831461,0.9662921348314607,0.21348314606741572,0.9719101123595506,0.7745786516853932
1999-02-01,0.9410112359550562,0.9129213483146067,0.21910112359550563,0.9438202247191011,0.7542134831460674
1999-03-01,0.9550561797752809,0.9550561797752809,0.23595505617977527,0.9550561797752809,0.7752808988764045
1999-04-01,0.9747191011235955,0.9297752808988764,0.3342696629213483,0.9606741573033708,0.7998595505617978
1999-05-01,0.9719101123595506,0.8764044943820225,0.37640449438202245,0.9466292134831461,0.7928370786516854
1999-06-01,0.9662921348314607,0.9606741573033708,0.3595505617977528,0.9691011235955056,0.8139044943820225
1999-07-01,0.9971910112359551,0.9775280898876404,0.3651685393258427,0.949438202247191,0.8223314606741574
1999-08-01,0.9606741573033708,0.9691011235955056,0.3539325842696629,0.9634831460674157,0.8117977528089887
1999-09-01,0.952247191011236,0.952247191011236,0.36797752808988765,0.952247191011236,0.8061797752808989
1999-10-01,0.9438202247191011,0.9747191011235955,0.3904494382022472,0.9747191011235955,0.8209269662921349
1999-11-01,0.9859550561797753,0.9803370786516854,0.45786516853932585,0.9831460674157303,0.8518258426966293
1999-12-01,1.0,0.9943820224719101,0.5674157303370787,0.9943820224719101,0.8890449438202247
2000-01-01,0.9943820224719101,0.9887640449438202,0.5786516853932584,0.9915730337078652,0.8883426966292135
2000-02-01,0.9691011235955056,0.9971910112359551,0.7359550561797753,1.0,0.925561797752809
2000-03-01,0.9887640449438202,1.0,0.8202247191011236,0.9971910112359551,0.9515449438202248
2000-04-01,0.9915730337078652,0.9915730337078652,0.6292134831460674,0.9859550561797753,0.8995786516853932
2000-05-01,0.9634831460674157,0.9719101123595506,0.5646067415730337,0.9662921348314607,0.8665730337078652
2000-06-01,0.9803370786516854,0.9859550561797753,0.6039325842696629,0.9803370786516854,0.8876404494382022
2000-07-01,0.9775280898876404,0.9634831460674157,0.5955056179775281,0.9775280898876404,0.8785112359550561
2000-08-01,0.9831460674157303,0.9831460674157303,0.6123595505617978,0.9887640449438202,0.8918539325842696
2000-09-01,0.9578651685393258,0.9325842696629213,0.6460674157303371,0.9578651685393258,0.8735955056179776
2000-10-01,0.9241573033707865,0.9157303370786517,0.5337078651685393,0.9353932584269663,0.827247191011236
2000-11-01,0.9101123595505618,0.6544943820224719,0.49157303370786515,0.6797752808988764,0.6839887640449438
2000-12-01,0.8679775280898876,0.6067415730337079,0.398876404494382,0.5786516853932584,0.613061797752809
2001-01-01,0.8539325842696629,0.7162921348314607,0.37359550561797755,0.7443820224719101,0.6720505617977528
2001-02-01,0.8258426966292135,0.3258426966292135,0.32303370786516855,0.4410112359550562,0.47893258426966295
2001-03-01,0.7247191011235955,0.16853932584269662,0.199438202247191,0.32865168539325845,0.3553370786516854
2001-04-01,0.7219101123595506,0.2443820224719101,0.2050561797752809,0.4157303370786517,0.3967696629213483
2001-05-01,0.7865168539325843,0.2752808988764045,0.24157303370786518,0.4044943820224719,0.4269662921348315
2001-06-01,0.7612359550561798,0.25280898876404495,0.22191011235955055,0.41292134831460675,0.41221910112359555
2001-07-01,0.7191011235955056,0.2050561797752809,0.19662921348314608,0.35674157303370785,0.3693820224719101
2001-08-01,0.6966292134831461,0.3202247191011236,0.17415730337078653,0.300561797752809,0.3728932584269663
2001-09-01,0.5056179775280899,0.10674157303370786,0.10112359550561797,0.09831460674157304,0.2029494382022472
2001-10-01,0.5393258426966292,0.14325842696629212,0.07303370786516854,0.21629213483146068,0.24297752808988762
2001-11-01,0.6292134831460674,0.16573033707865167,0.10955056179775281,0.32303370786516855,0.3068820224719101
2001-12-01,0.6544943820224719,0.1151685393258427,0.11235955056179775,0.3258426966292135,0.3019662921348315
2002-01-01,0.6432584269662921,0.08426966292134831,0.09550561797752809,0.31179775280898875,0.2837078651685393
2002-02-01,0.5786516853932584,0.07584269662921349,0.06460674157303371,0.22191011235955055,0.23525280898876405
2002-03-01,0.6460674157303371,0.0702247191011236,0.08707865168539326,0.2893258426966292,0.2731741573033708
2002-04-01,0.5730337078651685,0.06179775280898876,0.08146067415730338,0.17134831460674158,0.22191011235955058
2002-05-01,0.5168539325842697,0.056179775280898875,0.07584269662921349,0.10955056179775281,0.18960674157303373
2002-06-01,0.39325842696629215,0.0449438202247191,0.056179775280898875,0.06460674157303371,0.13974719101123595
2002-07-01,0.2050561797752809,0.042134831460674156,0.042134831460674156,0.047752808988764044,0.08426966292134831
2002-08-01,0.21629213483146068,0.03651685393258427,0.03089887640449438,0.03932584269662921,0.08075842696629214
2002-09-01,0.14887640449438203,0.019662921348314606,0.019662921348314606,0.016853932584269662,0.051264044943820225
2002-10-01,0.13764044943820225,0.028089887640449437,0.028089887640449437,0.042134831460674156,0.058988764044943826
2002-11-01,0.19101123595505617,0.025280898876404494,0.03651685393258427,0.06179775280898876,0.07865168539325842
2002-12-01,0.1853932584269663,0.008426966292134831,0.033707865168539325,0.0449438202247191,0.06811797752808989
2003-01-01,0.17134831460674158,0.011235955056179775,0.016853932584269662,0.03089887640449438,0.05758426966292134
2003-02-01,0.10112359550561797,0.0028089887640449437,0.014044943820224719,0.033707865168539325,0.037921348314606744
2003-03-01,0.10955056179775281,0.0056179775280898875,0.025280898876404494,0.028089887640449437,0.04213483146067416
2003-04-01,0.1601123595505618,0.014044943820224719,0.02247191011235955,0.05056179775280899,0.06179775280898876
2003-05-01,0.21910112359550563,0.033707865168539325,0.0449438202247191,0.07303370786516854,0.09269662921348315
2003-06-01,0.25842696629213485,0.016853932584269662,0.09269662921348315,0.07865168539325842,0.11165730337078653
2003-07-01,0.26685393258426965,0.03089887640449438,0.1151685393258427,0.12078651685393259,0.13342696629213482
2003-08-01,0.2443820224719101,0.02247191011235955,0.08426966292134831,0.16573033707865167,0.1292134831460674
2003-09-01,0.28651685393258425,0.03932584269662921,0.10393258426966293,0.14606741573033707,0.14396067415730338
2003-10-01,0.31741573033707865,0.047752808988764044,0.12078651685393259,0.23314606741573032,0.1797752808988764
2003-11-01,0.3539325842696629,0.08146067415730338,0.16853932584269662,0.25,0.21348314606741572
2003-12-01,0.4241573033707865,0.0898876404494382,0.15730337078651685,0.2696629213483146,0.23525280898876405
2004-01-01,0.5028089887640449,0.07865168539325842,0.1404494382022472,0.2949438202247191,0.2542134831460674
2004-02-01,0.5,0.15730337078651685,0.14325842696629212,0.2612359550561798,0.2654494382022472
2004-03-01,0.45224719101123595,0.2303370786516854,0.14887640449438203,0.22752808988764045,0.26474719101123595
2004-04-01,0.4550561797752809,0.12921348314606743,0.1853932584269663,0.17696629213483145,0.2366573033707865
2004-05-01,0.3398876404494382,0.15168539325842698,0.16292134831460675,0.19382022471910113,0.21207865168539328
2004-06-01,0.3960674157303371,0.1544943820224719,0.16573033707865167,0.2303370786516854,0.23665730337078653
2004-07-01,0.3258426966292135,0.13764044943820225,0.12921348314606743,0.12921348314606743,0.18047752808988765
2004-08-01,0.28370786516853935,0.1797752808988764,0.12640449438202248,0.10674157303370786,0.17415730337078653
2004-09-01,0.3146067415730337,0.3848314606741573,0.1601123595505618,0.12359550561797752,0.24578651685393257
2004-10-01,0.2949438202247191,0.27808988764044945,0.18258426966292135,0.16292134831460675,0.2296348314606742
2004-11-01,0.40168539325842695,0.21910112359550563,0.23876404494382023,0.2247191011235955,0.2710674157303371
2004-12-01,0.47191011235955055,0.24157303370786518,0.2696629213483146,0.27247191011235955,0.31390449438202245
2005-01-01,0.41853932584269665,0.199438202247191,0.21629213483146068,0.19101123595505617,0.2563202247191011
2005-02-01,0.43820224719101125,0.3089887640449438,0.22752808988764045,0.1797752808988764,0.28862359550561795
2005-03-01,0.38764044943820225,0.21348314606741572,0.24719101123595505,0.1348314606741573,0.24578651685393257
2005-04-01,0.29213483146067415,0.2612359550561798,0.20786516853932585,0.09550561797752809,0.21418539325842698
2005-05-01,0.3089887640449438,0.38202247191011235,0.21067415730337077,0.1601123595505618,0.2654494382022472
2005-06-01,0.36235955056179775,0.4438202247191011,0.2303370786516854,0.1544943820224719,0.297752808988764
2005-07-01,0.38202247191011235,0.6685393258426966,0.27808988764044945,0.2050561797752809,0.3834269662921348
2005-08-01,0.3651685393258427,0.6573033707865169,0.2612359550561798,0.1853932584269663,0.3672752808988764
2005-09-01,0.33146067415730335,0.7949438202247191,0.3146067415730337,0.16853932584269662,0.40238764044943814
2005-10-01,0.2696629213483146,0.601123595505618,0.2949438202247191,0.14887640449438203,0.3286516853932584
2005-11-01,0.351123595505618,0.5196629213483146,0.3089887640449438,0.20224719101123595,0.3455056179775281
2005-12-01,0.398876404494382,0.6713483146067416,0.31179775280898875,0.18820224719101122,0.3925561797752809
2006-01-01,0.4044943820224719,0.7359550561797753,0.30337078651685395,0.23595505617977527,0.4199438202247191
2006-02-01,0.3792134831460674,0.7106741573033708,0.28370786516853935,0.21067415730337077,0.3960674157303371
2006-03-01,0.3848314606741573,0.7471910112359551,0.31741573033707865,0.24157303370786518,0.42275280898876405
2006-04-01,0.36797752808988765,0.598314606741573,0.3398876404494382,0.20786516853932585,0.37851123595505615
2006-05-01,0.31179775280898875,0.4101123595505618,0.300561797752809,0.13202247191011235,0.288623595505618
2006-06-01,0.25,0.3960674157303371,0.2893258426966292,0.11797752808988764,0.2633426966292135
2006-07-01,0.24719101123595505,0.28370786516853935,0.3061797752808989,0.0898876404494382,0.23174157303370788
2006-08-01,0.27808988764044945,0.29775280898876405,0.2808988764044944,0.1151685393258427,0.24297752808988765
2006-09-01,0.3061797752808989,0.3595505617977528,0.3258426966292135,0.15730337078651685,0.2872191011235955
2006-10-01,0.4157303370786517,0.32865168539325845,0.34831460674157305,0.21348314606741572,0.32654494382022475
2006-11-01,0.45786516853932585,0.3342696629213483,0.41853932584269665,0.2556179775280899,0.3665730337078652
2006-12-01,0.47752808988764045,0.31179775280898875,0.43258426966292135,0.23876404494382023,0.3651685393258427
2007-01-01,0.4747191011235955,0.29213483146067415,0.42134831460674155,0.25842696629213485,0.3616573033707865
2007-02-01,0.4803370786516854,0.2808988764044944,0.4438202247191011,0.21910112359550563,0.3560393258426966
2007-03-01,0.37640449438202245,0.31741573033707865,0.4297752808988764,0.199438202247191,0.33075842696629215
2007-04-01,0.46348314606741575,0.39325842696629215,0.5056179775280899,0.25280898876404495,0.4037921348314607
2007-05-01,0.4943820224719101,0.3904494382022472,0.6601123595505618,0.28370786516853935,0.45716292134831465
2007-06-01,0.49157303370786515,0.3651685393258427,0.7696629213483146,0.2752808988764045,0.4754213483146067
2007-07-01,0.4887640449438202,0.4044943820224719,0.8089887640449438,0.24719101123595505,0.48735955056179775
2007-08-01,0.3707865168539326,0.43820224719101125,0.5617977528089888,0.2640449438202247,0.4087078651685393
2007-09-01,0.4297752808988764,0.4410112359550562,0.5561797752808989,0.29775280898876405,0.4311797752808989
2007-10-01,0.48314606741573035,0.4606741573033708,0.6207865168539326,0.31741573033707865,0.4705056179775281
2007-11-01,0.32865168539325845,0.35674157303370785,0.6348314606741573,0.2808988764044944,0.4002808988764045
2007-12-01,0.35674157303370785,0.3146067415730337,0.5393258426966292,0.26685393258426965,0.3693820224719101
2008-01-01,0.2303370786516854,0.2556179775280899,0.550561797752809,0.13764044943820225,0.29353932584269665
2008-02-01,0.21348314606741572,0.21629213483146068,0.5898876404494382,0.09269662921348315,0.27808988764044945
2008-03-01,0.16573033707865167,0.23595505617977527,0.5084269662921348,0.08707865168539326,0.24929775280898878
2008-04-01,0.19382022471910113,0.33707865168539325,0.4550561797752809,0.12640449438202248,0.27808988764044945
2008-05-01,0.22191011235955055,0.30337078651685395,0.4803370786516854,0.17415730337078653,0.29494382022471916
2008-06-01,0.1544943820224719,0.20224719101123595,0.5028089887640449,0.07584269662921349,0.23384831460674158
2008-07-01,0.08707865168539326,0.17696629213483145,0.4943820224719101,0.08146067415730338,0.20997191011235955
2008-08-01,0.11235955056179775,0.19101123595505617,0.4353932584269663,0.10112359550561797,0.20997191011235955
2008-09-01,0.06741573033707865,0.14887640449438203,0.5,0.05337078651685393,0.19241573033707865
2008-10-01,0.025280898876404494,0.08707865168539326,0.3202247191011236,0.019662921348314606,0.11306179775280899
2008-11-01,0.014044943820224719,0.06460674157303371,0.1348314606741573,0.008426966292134831,0.05547752808988764
2008-12-01,0.016853932584269662,0.06741573033707865,0.06741573033707865,0.014044943820224719,0.04143258426966292
2009-01-01,0.011235955056179775,0.05337078651685393,0.06179775280898876,0.0056179775280898875,0.03300561797752809
2009-02-01,0.0056179775280898875,0.05056179775280899,0.047752808988764044,0.0028089887640449437,0.02668539325842697
2009-03-01,0.0028089887640449437,0.05898876404494382,0.05337078651685393,0.011235955056179775,0.03160112359550562
2009-04-01,0.008426966292134831,0.07303370786516854,0.0702247191011236,0.02247191011235955,0.04353932584269663
2009-05-01,0.019662921348314606,0.09269662921348315,0.09831460674157304,0.025280898876404494,0.058988764044943826
2009-06-01,0.02247191011235955,0.10112359550561797,0.10674157303370786,0.03651685393258427,0.06671348314606741
2009-07-01,0.028089887640449437,0.1601123595505618,0.1544943820224719,0.056179775280898875,0.0997191011235955
2009-08-01,0.03089887640449438,0.13202247191011235,0.18820224719101122,0.05898876404494382,0.10252808988764044
2009-09-01,0.033707865168539325,0.14606741573033707,0.2556179775280899,0.0702247191011236,0.12640449438202248
2009-10-01,0.03651685393258427,0.10393258426966293,0.29213483146067415,0.06741573033707865,0.125
2009-11-01,0.05056179775280899,0.11235955056179775,0.2443820224719101,0.08426966292134831,0.12289325842696629
2009-12-01,0.06179775280898876,0.1404494382022472,0.28651685393258425,0.14325842696629212,0.15800561797752807
2010-01-01,0.07865168539325842,0.10955056179775281,0.25842696629213485,0.10393258426966293,0.13764044943820225
2010-02-01,0.05337078651685393,0.1348314606741573,0.25280898876404495,0.15168539325842698,0.1481741573033708
2010-03-01,0.09550561797752809,0.17415730337078653,0.29775280898876405,0.2443820224719101,0.20294943820224717
2010-04-01,0.13202247191011235,0.17134831460674158,0.36235955056179775,0.28651685393258425,0.23806179775280895
2010-05-01,0.07303370786516854,0.11797752808988764,0.2752808988764045,0.18258426966292135,0.1622191011235955
2010-06-01,0.0449438202247191,0.09550561797752809,0.25,0.11235955056179775,0.12570224719101125
2010-07-01,0.03932584269662921,0.12640449438202248,0.26685393258426965,0.19662921348314608,0.15730337078651685
2010-08-01,0.047752808988764044,0.09831460674157304,0.27247191011235955,0.1404494382022472,0.13974719101123595
2010-09-01,0.0702247191011236,0.12078651685393259,0.33707865168539325,0.29213483146067415,0.2050561797752809
2010-10-01,0.10674157303370786,0.12359550561797752,0.38764044943820225,0.3089887640449438,0.23174157303370785
2010-11-01,0.12078651685393259,0.16292134831460675,0.40168539325842695,0.3061797752808989,0.2478932584269663
2010-12-01,0.15168539325842698,0.1853932584269663,0.40730337078651685,0.33707865168539325,0.27036516853932585
2011-01-01,0.1797752808988764,0.27247191011235955,0.41292134831460675,0.34831460674157305,0.30337078651685395
2011-02-01,0.20786516853932585,0.37640449438202245,0.44662921348314605,0.37640449438202245,0.3518258426966292
2011-03-01,0.17415730337078653,0.37359550561797755,0.46348314606741575,0.3595505617977528,0.34269662921348315
2011-04-01,0.18820224719101122,0.3398876404494382,0.48314606741573035,0.38202247191011235,0.34831460674157305
2011-05-01,0.18258426966292135,0.2696629213483146,0.46629213483146065,0.37359550561797755,0.32303370786516855
2011-06-01,0.14606741573033707,0.3792134831460674,0.4410112359550562,0.3455056179775281,0.3279494382022472
2011-07-01,0.16853932584269662,0.36235955056179775,0.43820224719101125,0.3398876404494382,0.32724719101123595
2011-08-01,0.056179775280898875,0.2640449438202247,0.38202247191011235,0.30337078651685395,0.2514044943820225
2011-09-01,0.042134831460674156,0.32303370786516855,0.33146067415730335,0.27808988764044945,0.24367977528089885
2011-10-01,0.05898876404494382,0.6348314606741573,0.39325842696629215,0.33146067415730335,0.35463483146067415
2011-11-01,0.06460674157303371,0.7387640449438202,0.35674157303370785,0.3202247191011236,0.37008426966292135
2011-12-01,0.07584269662921349,0.6910112359550562,0.3455056179775281,0.3146067415730337,0.3567415730337079
2012-01-01,0.09831460674157304,0.8567415730337079,0.32865168539325845,0.351123595505618,0.40870786516853935
2012-02-01,0.12921348314606743,0.9269662921348315,0.3848314606741573,0.38764044943820225,0.45716292134831465
2012-03-01,0.14325842696629212,0.8792134831460674,0.3960674157303371,0.41853932584269665,0.45926966292134835
2012-04-01,0.12359550561797752,0.7752808988764045,0.4044943820224719,0.40168539325842695,0.42626404494382025
2012-05-01,0.0898876404494382,0.6207865168539326,0.351123595505618,0.3342696629213483,0.3490168539325843
2012-06-01,0.08146067415730338,0.6460674157303371,0.3792134831460674,0.36797752808988765,0.3686797752808989
2012-07-01,0.09269662921348315,0.5365168539325843,0.34269662921348315,0.36235955056179775,0.3335674157303371
2012-08-01,0.1151685393258427,0.5814606741573034,0.3707865168539326,0.3904494382022472,0.3644662921348315
2012-09-01,0.12640449438202248,0.49719101123595505,0.4101123595505618,0.3960674157303371,0.3574438202247191
2012-10-01,0.11797752808988764,0.4859550561797753,0.4157303370786517,0.3539325842696629,0.3433988764044944
2012-11-01,0.08426966292134831,0.45786516853932585,0.4241573033707865,0.3651685393258427,0.33286516853932585
2012-12-01,0.10393258426966293,0.41853932584269665,0.42696629213483145,0.3707865168539326,0.3300561797752809
2013-01-01,0.1348314606741573,0.5056179775280899,0.47191011235955055,0.39325842696629215,0.3764044943820225
2013-02-01,0.1404494382022472,0.4550561797752809,0.47752808988764045,0.3848314606741573,0.3644662921348315
2013-03-01,0.15730337078651685,0.42696629213483145,0.5168539325842697,0.4101123595505618,0.37780898876404495
2013-04-01,0.16292134831460675,0.4241573033707865,0.5252808988764045,0.42134831460674155,0.3834269662921348
2013-05-01,0.199438202247191,0.5898876404494382,0.5140449438202247,0.4438202247191011,0.4367977528089888
2013-06-01,0.17696629213483145,0.6601123595505618,0.5224719101123596,0.42696629213483145,0.44662921348314605
2013-07-01,0.21067415730337077,0.6404494382022472,0.5280898876404494,0.4606741573033708,0.45997191011235955
2013-08-01,0.19662921348314608,0.7247191011235955,0.5449438202247191,0.45224719101123595,0.4796348314606742
2013-09-01,0.20224719101123595,0.6292134831460674,0.5926966292134831,0.46348314606741575,0.47191011235955055
2013-10-01,0.2247191011235955,0.6151685393258427,0.648876404494382,0.5,0.49719101123595505
2013-11-01,0.24157303370786518,0.6797752808988764,0.6910112359550562,0.5393258426966292,0.5379213483146068
2013-12-01,0.2640449438202247,0.6179775280898876,0.7808988764044944,0.5589887640449438,0.5554775280898876
2014-01-01,0.2612359550561798,0.5842696629213483,0.7303370786516854,0.5308988764044944,0.526685393258427
2014-02-01,0.23876404494382023,0.6095505617977528,0.7865168539325843,0.5926966292134831,0.5568820224719101
2014-03-01,0.2752808988764045,0.5786516853932584,0.7331460674157303,0.5365168539325843,0.5308988764044944
2014-04-01,0.25280898876404495,0.47752808988764045,0.6853932584269663,0.5028089887640449,0.4796348314606741
2014-05-01,0.27247191011235955,0.5674157303370787,0.6882022471910112,0.5252808988764045,0.5133426966292135
2014-06-01,0.300561797752809,0.648876404494382,0.7893258426966292,0.5617977528089888,0.5751404494382022
2014-07-01,0.3342696629213483,0.6432584269662921,0.7780898876404494,0.5449438202247191,0.5751404494382022
2014-08-01,0.30337078651685395,0.8033707865168539,0.7837078651685393,0.601123595505618,0.6228932584269663
2014-09-01,0.34269662921348315,0.8539325842696629,0.7949438202247191,0.5674157303370787,0.639747191011236
2014-10-01,0.2808988764044944,0.7780898876404494,0.75,0.6067415730337079,0.6039325842696629
2014-11-01,0.42134831460674155,0.8398876404494382,0.7640449438202247,0.6629213483146067,0.6720505617977528
2014-12-01,0.4438202247191011,0.8314606741573034,0.7584269662921348,0.6404494382022472,0.6685393258426966
2015-01-01,0.40730337078651685,0.7303370786516854,0.6657303370786517,0.598314606741573,0.6004213483146068
2015-02-01,0.46629213483146065,0.7584269662921348,0.7134831460674157,0.7191011235955056,0.6643258426966292
2015-03-01,0.4353932584269663,0.6938202247191011,0.7752808988764045,0.6573033707865169,0.6404494382022472
2015-04-01,0.4410112359550562,0.7134831460674157,0.848314606741573,0.651685393258427,0.663623595505618
2015-05-01,0.44662921348314605,0.8230337078651685,0.8286516853932584,0.6882022471910112,0.696629213483146
2015-06-01,0.4101123595505618,0.7696629213483146,0.8455056179775281,0.6320224719101124,0.6643258426966292
2015-07-01,0.3904494382022472,0.797752808988764,0.8174157303370787,0.6769662921348315,0.6706460674157304
2015-08-01,0.3202247191011236,0.651685393258427,0.7668539325842697,0.547752808988764,0.5716292134831461
2015-09-01,0.23595505617977527,0.5955056179775281,0.6966292134831461,0.5084269662921348,0.5091292134831461
2015-10-01,0.29775280898876405,0.7837078651685393,0.7528089887640449,0.6179775280898876,0.613061797752809
2015-11-01,0.37359550561797755,0.7808988764044944,0.7612359550561798,0.6264044943820225,0.6355337078651686
2015-12-01,0.3595505617977528,0.75,0.7106741573033708,0.5955056179775281,0.6039325842696629
2016-01-01,0.23314606741573032,0.5758426966292135,0.6151685393258427,0.47752808988764045,0.4754213483146067
2016-02-01,0.22752808988764045,0.547752808988764,0.5730337078651685,0.46629213483146065,0.45365168539325834
2016-03-01,0.2893258426966292,0.6039325842696629,0.598314606741573,0.5280898876404494,0.5049157303370786
2016-04-01,0.3455056179775281,0.5337078651685393,0.6432584269662921,0.49719101123595505,0.5049157303370787
2016-05-01,0.32303370786516855,0.5252808988764045,0.6235955056179775,0.5224719101123596,0.4985955056179775
2016-06-01,0.33707865168539325,0.5084269662921348,0.6179775280898876,0.4887640449438202,0.48806179775280895
2016-07-01,0.42696629213483145,0.5140449438202247,0.702247191011236,0.550561797752809,0.5484550561797753
2016-08-01,0.4606741573033708,0.5449438202247191,0.6938202247191011,0.5533707865168539,0.5632022471910113
2016-09-01,0.43258426966292135,0.4943820224719101,0.8061797752808989,0.5730337078651685,0.5765449438202247
2016-10-01,0.41292134831460675,0.43258426966292135,0.7443820224719101,0.5337078651685393,0.5308988764044944
2016-11-01,0.449438202247191,0.42134831460674155,0.800561797752809,0.5561797752808989,0.5568820224719101
2016-12-01,0.5084269662921348,0.41292134831460675,0.7556179775280899,0.5646067415730337,0.5603932584269663
2017-01-01,0.5140449438202247,0.45224719101123595,0.7724719101123596,0.6095505617977528,0.5870786516853932
2017-02-01,0.5421348314606742,0.44662921348314605,0.8146067415730337,0.6601123595505618,0.615870786516854
2017-03-01,0.5814606741573034,0.49157303370786515,0.8258426966292135,0.6741573033707865,0.6432584269662921
2017-04-01,0.5646067415730337,0.5702247191011236,0.851123595505618,0.7050561797752809,0.672752808988764
2017-05-01,0.5955056179775281,0.5646067415730337,0.8342696629213483,0.7303370786516854,0.6811797752808988
2017-06-01,0.6067415730337079,0.47191011235955055,0.8370786516853933,0.699438202247191,0.6537921348314606
2017-07-01,0.6264044943820225,0.5533707865168539,0.8567415730337079,0.7387640449438202,0.6938202247191012
2017-08-01,0.6151685393258427,0.48314606741573035,0.8623595505617978,0.7471910112359551,0.6769662921348315
2017-09-01,0.6376404494382022,0.5308988764044944,0.8792134831460674,0.7359550561797753,0.6959269662921348
2017-10-01,0.6713483146067416,0.5393258426966292,0.8820224719101124,0.7752808988764045,0.7169943820224719
2017-11-01,0.6938202247191011,0.5,0.9073033707865169,0.797752808988764,0.7247191011235955
2017-12-01,0.7162921348314607,0.5280898876404494,0.9213483146067416,0.7921348314606742,0.7394662921348314
2018-01-01,0.7668539325842697,0.6629213483146067,0.9129213483146067,0.8426966292134831,0.7963483146067416
2018-02-01,0.7106741573033708,0.5112359550561798,0.8848314606741573,0.8146067415730337,0.7303370786516854
2018-03-01,0.7050561797752809,0.4887640449438202,0.8876404494382022,0.7612359550561798,0.7106741573033708
2018-04-01,0.6741573033707865,0.46629213483146065,0.8960674157303371,0.75,0.6966292134831461
2018-05-01,0.6853932584269663,0.5224719101123596,0.9157303370786517,0.8033707865168539,0.7317415730337079
2018-06-01,0.702247191011236,0.5730337078651685,0.8904494382022472,0.800561797752809,0.7415730337078652
2018-07-01,0.7078651685393258,0.5589887640449438,0.901685393258427,0.8089887640449438,0.7443820224719102
2018-08-01,0.7303370786516854,0.7443820224719101,0.898876404494382,0.848314606741573,0.8054775280898876
2018-09-01,0.7415730337078652,0.7724719101123596,0.8932584269662921,0.8286516853932584,0.8089887640449438
2018-10-01,0.6797752808988764,0.4803370786516854,0.8230337078651685,0.6966292134831461,0.6699438202247191
2018-11-01,0.6404494382022472,0.4691011235955056,0.797752808988764,0.6825842696629213,0.6474719101123595
2018-12-01,0.5224719101123596,0.4157303370786517,0.6769662921348315,0.5168539325842697,0.5330056179775281
2019-01-01,0.5365168539325843,0.6264044943820225,0.651685393258427,0.6348314606741573,0.6123595505617978
2019-02-01,0.598314606741573,0.6966292134831461,0.6825842696629213,0.6713483146067416,0.6622191011235955
2019-03-01,0.601123595505618,0.6320224719101124,0.6685393258426966,0.6938202247191011,0.648876404494382
2019-04-01,0.6348314606741573,0.7275280898876404,0.7050561797752809,0.7415730337078652,0.7022471910112359
2019-05-01,0.5870786516853933,0.550561797752809,0.6573033707865169,0.5870786516853933,0.5955056179775281
2019-06-01,0.5926966292134831,0.699438202247191,0.7275280898876404,0.6853932584269663,0.6762640449438202
2019-07-01,0.6235955056179775,0.6235955056179775,0.7471910112359551,0.7078651685393258,0.675561797752809
2019-08-01,0.5449438202247191,0.5870786516853933,0.6320224719101124,0.6292134831460674,0.598314606741573
2019-09-01,0.5842696629213483,0.5561797752808989,0.6067415730337079,0.6207865168539326,0.591994382022472
2019-10-01,0.5617977528089888,0.6376404494382022,0.601123595505618,0.6657303370786517,0.6165730337078652
2019-11-01,0.6123595505617978,0.6825842696629213,0.6264044943820225,0.7331460674157303,0.663623595505618
2019-12-01,0.651685393258427,0.7078651685393258,0.6797752808988764,0.7556179775280899,0.6987359550561798
2020-01-01,0.6769662921348315,0.6853932584269663,0.6404494382022472,0.7668539325842697,0.6924157303370786
2020-02-01,0.6629213483146067,0.5168539325842697,0.5842696629213483,0.6376404494382022,0.6004213483146068
2020-03-01,0.2556179775280899,0.40730337078651685,0.449438202247191,0.4943820224719101,0.401685393258427
2020-04-01,0.34831460674157305,0.5421348314606742,0.5421348314606742,0.702247191011236,0.5337078651685394
2020-05-01,0.4859550561797753,0.6123595505617978,0.6095505617977528,0.7808988764044944,0.6221910112359551
2020-06-01,0.5589887640449438,0.702247191011236,0.7078651685393258,0.8202247191011236,0.6973314606741573
2020-07-01,0.6039325842696629,0.7331460674157303,0.8033707865168539,0.8539325842696629,0.7485955056179775
2020-08-01,0.6825842696629213,0.8202247191011236,0.8539325842696629,0.8904494382022472,0.8117977528089887
2020-09-01,0.6657303370786517,0.7668539325842697,0.8679775280898876,0.8595505617977528,0.7900280898876404
2020-10-01,0.6910112359550562,0.6882022471910112,0.8764044943820225,0.8370786516853933,0.7731741573033708
2020-11-01,0.7331460674157303,0.800561797752809,0.9297752808988764,0.8876404494382022,0.8377808988764044
2020-12-01,0.7752808988764045,0.851123595505618,0.949438202247191,0.9297752808988764,0.8764044943820225
2021-01-01,0.7921348314606742,0.7921348314606742,0.9269662921348315,0.9269662921348315,0.8595505617977529
2021-02-01,0.8117977528089888,0.8089887640449438,0.9325842696629213,0.9129213483146067,0.8665730337078652
2021-03-01,0.8061797752808989,0.848314606741573,0.9382022471910112,0.901685393258427,0.8735955056179776
2021-04-01,0.8426966292134831,0.8651685393258427,0.9438202247191011,0.9325842696629213,0.896067415730337
2021-05-01,0.8342696629213483,0.8174157303370787,0.9466292134831461,0.8932584269662921,0.8728932584269663
2021-06-01,0.8398876404494382,0.8595505617977528,0.9550561797752809,0.9241573033707865,0.8946629213483146
2021-07-01,0.8792134831460674,0.8455056179775281,0.9410112359550562,0.9157303370786517,0.8953651685393259
2021-08-01,0.8932584269662921,0.8258426966292135,0.9634831460674157,0.9382022471910112,0.9051966292134831
2021-09-01,0.8848314606741573,0.7865168539325843,0.9578651685393258,0.8735955056179775,0.8757022471910112
2021-10-01,0.8651685393258427,0.9044943820224719,0.9719101123595506,0.9101123595505618,0.9129213483146068
2021-11-01,0.9073033707865169,0.8960674157303371,0.9691011235955056,0.898876404494382,0.9178370786516854
2021-12-01,0.901685393258427,0.9578651685393258,0.9606741573033708,0.8848314606741573,0.9262640449438202
2022-01-01,0.848314606741573,0.8370786516853933,0.9044943820224719,0.8258426966292135,0.853932584269663
2022-02-01,0.8146067415730337,0.7612359550561798,0.9101123595505618,0.7640449438202247,0.8125
2022-03-01,0.7893258426966292,0.7640449438202247,0.8735955056179775,0.7837078651685393,0.8026685393258427
2022-04-01,0.7837078651685393,0.46348314606741575,0.8314606741573034,0.5421348314606742,0.6551966292134832
2022-05-01,0.6573033707865169,0.5617977528089888,0.8117977528089888,0.49157303370786515,0.6306179775280899
2022-06-01,0.5758426966292135,0.38764044943820225,0.6376404494382022,0.4353932584269663,0.5091292134831461
2022-07-01,0.5702247191011236,0.449438202247191,0.6713483146067416,0.48314606741573035,0.5435393258426966
2022-08-01,0.6601123595505618,0.4353932584269663,0.6544943820224719,0.4550561797752809,0.5512640449438202
2022-09-01,0.5196629213483146,0.3455056179775281,0.5814606741573034,0.3792134831460674,0.45646067415730335
2022-10-01,0.4691011235955056,0.34831460674157305,0.5589887640449438,0.398876404494382,0.4438202247191011
2022-11-01,0.5337078651685393,0.34269662921348315,0.547752808988764,0.4297752808988764,0.4634831460674157
2022-12-01,0.5252808988764045,0.22752808988764045,0.49719101123595505,0.34269662921348315,0.3981741573033708
2023-01-01,0.5308988764044944,0.2949438202247191,0.4747191011235955,0.4241573033707865,0.4311797752808989
2023-02-01,0.5674157303370787,0.3539325842696629,0.45224719101123595,0.40730337078651685,0.4452247191011236
2023-03-01,0.5112359550561798,0.4747191011235955,0.4887640449438202,0.44662921348314605,0.4803370786516854
2023-04-01,0.550561797752809,0.3707865168539326,0.4606741573033708,0.43820224719101125,0.4550561797752809
2023-05-01,0.547752808988764,0.351123595505618,0.4859550561797753,0.45786516853932585,0.46067415730337075
2023-06-01,0.6207865168539326,0.36797752808988765,0.5365168539325843,0.4803370786516854,0.5014044943820224
2023-07-01,0.6685393258426966,0.33146067415730335,0.5870786516853933,0.5112359550561798,0.5245786516853932
2023-08-01,0.648876404494382,0.2247191011235955,0.5533707865168539,0.47191011235955055,0.4747191011235955
2023-09-01,0.6095505617977528,0.21067415730337077,0.5308988764044944,0.449438202247191,0.45014044943820225
2023-10-01,0.5533707865168539,0.20786516853932585,0.4691011235955056,0.43258426966292135,0.4157303370786517
2023-11-01,0.6320224719101124,0.19382022471910113,0.5112359550561798,0.4691011235955056,0.4515449438202247
2023-12-01,0.699438202247191,0.19662921348314608,0.5702247191011236,0.5196629213483146,0.49648876404494385
2024-01-01,0.7134831460674157,0.18820224719101122,0.5196629213483146,0.5140449438202247,0.4838483146067416
2024-02-01,0.7584269662921348,0.23876404494382023,0.5758426966292135,0.5758426966292135,0.5372191011235955
2024-03-01,0.7724719101123596,0.25842696629213485,0.6741573033707865,0.5842696629213483,0.5723314606741573
2024-04-01,0.7640449438202247,0.18258426966292135,0.6629213483146067,0.5056179775280899,0.5287921348314607
2024-05-01,0.7808988764044944,0.25,0.7191011235955056,0.5814606741573034,0.5828651685393258
2024-06-01,0.800561797752809,0.26685393258426965,0.7162921348314607,0.648876404494382,0.6081460674157303
2024-07-01,0.8202247191011236,0.24719101123595505,0.7247191011235955,0.6235955056179775,0.6039325842696629
2024-08-01,0.8033707865168539,0.22191011235955055,0.699438202247191,0.6123595505617978,0.5842696629213483
2024-09-01,0.8230337078651685,0.3061797752808989,0.7387640449438202,0.6432584269662921,0.6278089887640449
2024-10-01,0.8370786516853933,0.23314606741573032,0.7415730337078652,0.6151685393258427,0.6067415730337079
2024-11-01,0.8735955056179775,0.28651685393258425,0.8595505617977528,0.7219101123595506,0.6853932584269662
2024-12-01,0.8876404494382022,0.2893258426966292,0.8707865168539326,0.7134831460674157,0.6903089887640449
2025-01-01,0.8595505617977528,0.40168539325842695,0.8651685393258427,0.7162921348314607,0.7106741573033708
2025-02-01,0.8623595505617978,0.398876404494382,0.8398876404494382,0.6039325842696629,0.6762640449438202
2025-03-01,0.797752808988764,0.300561797752809,0.7921348314606742,0.4859550561797753,0.5941011235955056
2025-04-01,0.7387640449438202,0.4297752808988764,0.7219101123595506,0.4747191011235955,0.5912921348314607
2025-05-01,0.8089887640449438,0.5926966292134831,0.8426966292134831,0.5898876404494382,0.708567415730337
2025-06-01,0.8286516853932584,0.8061797752808989,0.9185393258426966,0.6685393258426966,0.8054775280898876
2025-07-01,0.8820224719101124,0.7050561797752809,0.9241573033707865,0.7247191011235955,0.8089887640449438
2025-08-01,0.8904494382022472,0.7893258426966292,0.9353932584269663,0.7275280898876404,0.8356741573033708
2025-09-01,0.9044943820224719,0.9101123595505618,0.952247191011236,0.7780898876404494,0.8862359550561798
2025-10-01,0.9213483146067416,0.9213483146067416,0.9662921348314607,0.8174157303370787,0.9066011235955057
2025-11-01,0.9185393258426966,0.8735955056179775,0.9747191011235955,0.7949438202247191,0.8904494382022472
2025-12-01,0.9269662921348315,0.9353932584269663,0.9803370786516854,0.7696629213483146,0.9030898876404494
2026-01-01,0.9297752808988764,0.8707865168539326,0.9859550561797753,0.7584269662921348,0.8862359550561798
2026-02-01,0.9157303370786517,0.8623595505617978,0.9831460674157303,0.6910112359550562,0.863061797752809
2026-03-01,0.8567415730337079,0.7528089887640449,0.9775280898876404,0.5702247191011236,0.7893258426966292
2026-04-01,0.8960674157303371,0.8679775280898876,0.9887640449438202,0.7724719101123596,0.8813202247191011
2026-05-01,0.9353932584269663,0.8848314606741573,0.9915730337078652,0.8314606741573034,0.910814606741573
2026-06-01,0.9382022471910112,0.8286516853932584,1.0,0.8061797752808989,0.8932584269662921
2026-07-01,0.9325842696629213,0.7556179775280899,0.9943820224719101,0.7528089887640449,0.8588483146067415
2026-08-01,0.949438202247191,0.8117977528089888,0.9971910112359551,0.7865168539325843,0.8862359550561798
