year,capex,revenue,net_income,intensity,nvidia_revenue
2015,24195000000.0,330550000000.0,41726000000.0,0.07319618817122976,5010000000.0
2016,31804000000.0,382843000000.0,62057000000.0,0.08307321800320236,6910000000.0
2017,41737000000.0,465328000000.0,60705000000.0,0.08969372141801052,9714000000.0
2018,65773000000.0,575410000000.0,90575000000.0,0.11430632071044994,11716000000.0
2019,71000000000.0,677987000000.0,113791000000.0,0.1047217719513796,10918000000.0
2020,95160000000.0,838050000000.0,148773000000.0,0.11354931090030428,16675000000.0
2021,129516000000.0,1055916000000.0,216755000000.0,0.12265748411805484,26914000000.0
2022,158897000000.0,1161652000000.0,161691000000.0,0.13678537117828748,26974000000.0
2023,146998000000.0,1281957000000.0,226146000000.0,0.11466687260181113,60922000000.0
2024,238482000000.0,1454999000000.0,322305000000.0,0.1639052672888435,130497000000.0
2025,413171000000.0,1669807000000.0,389114000000.0,0.2474363803721029,215938000000.0
