file,url,purpose,bytes,sha256,downloaded_utc
shiller/ie_data.xls,https://img1.wsimg.com/blobby/go/e5e77e0b-59d1-44d9-ab25-4763ac982e53/downloads/1449043e-a1ed-4e2e-8e9c-7b9a2a064493/ie_data.xls?ver=1791297298731,"S&P 500 price, earnings and CAPE since 1871",1675264,98a54927942e842ec07ffe73000998e793953708c345b6b27bb363e9ada8366a,2026-10-07 16:14
yahoo/GSPC.json,https://query1.finance.yahoo.com/v8/finance/chart/%5EGSPC?period1=0&period2=9999999999&interval=1mo&events=div%2Csplit,Monthly prices: S&P 500 index,56195,e89aae9cf9583cc62e5cc68e66e67e62ac4fd434b6f91f5841c23c155df8c112,2026-10-07 16:14
yahoo/IXIC.json,https://query1.finance.yahoo.com/v8/finance/chart/%5EIXIC?period1=0&period2=9999999999&interval=1mo&events=div%2Csplit,Monthly prices: Nasdaq Composite index,54034,653f8043364dacfcb9a3bde518312d8cb457a1f2069e824814dc78fc78561428,2026-10-07 16:14
yahoo/NVDA.json,https://query1.finance.yahoo.com/v8/finance/chart/NVDA?period1=0&period2=9999999999&interval=1mo&events=div%2Csplit,Monthly prices: Nvidia,43493,455ff4cacf7b3a076f390fb3b2ff4b83479503e0bea8c1377bdaac728391b91d,2026-10-07 16:14
yahoo/MSFT.json,https://query1.finance.yahoo.com/v8/finance/chart/MSFT?period1=0&period2=9999999999&interval=1mo&events=div%2Csplit,Monthly prices: Microsoft,57296,be652ba2934272277683bc6712a21be581d172b1ef8d5375e2b8aa0ebba562d0,2026-10-07 16:14
yahoo/GOOGL.json,https://query1.finance.yahoo.com/v8/finance/chart/GOOGL?period1=0&period2=9999999999&interval=1mo&events=div%2Csplit,Monthly prices: Alphabet,32079,16d9a41f2c422f1b079e6d25285feb94160fbbd2efde06a922872c047d8a26f0,2026-10-07 16:14
yahoo/AMZN.json,https://query1.finance.yahoo.com/v8/finance/chart/AMZN?period1=0&period2=9999999999&interval=1mo&events=div%2Csplit,Monthly prices: Amazon,41075,7dd717ba3ecd718df0567fa4f64fa3a74a6ed5f763921691bcb8c26d29de4fd5,2026-10-07 16:14
yahoo/META.json,https://query1.finance.yahoo.com/v8/finance/chart/META?period1=0&period2=9999999999&interval=1mo&events=div%2Csplit,Monthly prices: Meta,20662,ef40a317c5ad3bfef64989a06feef0656711464481e97c5f80edc4d55aa7f3a6,2026-10-07 16:14
yahoo/AVGO.json,https://query1.finance.yahoo.com/v8/finance/chart/AVGO?period1=0&period2=9999999999&interval=1mo&events=div%2Csplit,Monthly prices: Broadcom,27531,f9677464a3ae1c3f79ac0ff0d398cdcf725377a9a5ab784c7ea768aaa16c4d77,2026-10-07 16:14
yahoo/ORCL.json,https://query1.finance.yahoo.com/v8/finance/chart/ORCL?period1=0&period2=9999999999&interval=1mo&events=div%2Csplit,Monthly prices: Oracle,58697,5ea35dbd78ac25f61106c36ae202a7e71b1900431ed1a59128dad52271d41180,2026-10-07 16:14
yahoo/CSCO.json,https://query1.finance.yahoo.com/v8/finance/chart/CSCO?period1=0&period2=9999999999&interval=1mo&events=div%2Csplit,Monthly prices: Cisco,52519,76418e9459743b213930aa563d5e626810e6052bcc3fbee12bab444dbae5cd33,2026-10-07 16:14
yahoo/INTC.json,https://query1.finance.yahoo.com/v8/finance/chart/INTC?period1=0&period2=9999999999&interval=1mo&events=div%2Csplit,Monthly prices: Intel,58473,660c53ab8ee4d33d6c4ca328e94e38fd78a55caf49d4d7a29e7499f1c60667c6,2026-10-07 16:14
yahoo/QCOM.json,https://query1.finance.yahoo.com/v8/finance/chart/QCOM?period1=0&period2=9999999999&interval=1mo&events=div%2Csplit,Monthly prices: Qualcomm,49216,9b1bdde0a7453546aa4a6ba253aac419008f65d40753417de6b1c7e81019b881,2026-10-07 16:14
sec/NVDA.json,https://data.sec.gov/api/xbrl/companyfacts/CIK0001045810.json,Filed financials: Nvidia,4092966,19ef503a5770f5660964b3c3aea6937579d9b359da344afe6a9adf59c63d26ff,2026-10-07 16:14
sec/MSFT.json,https://data.sec.gov/api/xbrl/companyfacts/CIK0000789019.json,Filed financials: Microsoft,4881196,f8aae2965b20ad0df44bdf7ccbedf797d275b6b8dc030154a7a311361bb7246f,2026-10-07 16:15
sec/GOOGL.json,https://data.sec.gov/api/xbrl/companyfacts/CIK0001652044.json,Filed financials: Alphabet,3164517,a017f26ee88cb4a639d1c1ddb06d53b4afe22f0ac89cabec7cd67c88919fe1c5,2026-10-07 16:15
sec/AMZN.json,https://data.sec.gov/api/xbrl/companyfacts/CIK0001018724.json,Filed financials: Amazon,4478611,7549fb68446eee40e1f50a166fa06b2d2ee6349e07c8553a4828757e032d3cd4,2026-10-07 16:15
sec/META.json,https://data.sec.gov/api/xbrl/companyfacts/CIK0001326801.json,Filed financials: Meta,2746680,7518e76d6dac2d016e1a3d1dec1cc55ff9ea3bdd58a151b16fcaa067a6c9d94e,2026-10-07 16:15
sec/ORCL.json,https://data.sec.gov/api/xbrl/companyfacts/CIK0001341439.json,Filed financials: Oracle,3962105,65523545f040abaea1dfcf321da2a5aec85e7f34387244b0ffcb26e4c8707f7d,2026-10-07 16:15
sec/AVGO.json,https://data.sec.gov/api/xbrl/companyfacts/CIK0001730168.json,Filed financials: Broadcom,2351559,3bdb6644c12addf1e63c4dc861008d7804fbf3d3f5aa6eb9b97f72c0e89a7adf,2026-10-07 16:15
fed/h15_treasury_yields.csv,https://www.federalreserve.gov/datadownload/Output.aspx?rel=H15&series=bf17364827e38702b42a58cf8eaa3f78&lastobs=&from=&to=&filetype=csv&label=include&layout=seriescolumn,"Treasury yield curve, daily",1007974,53e3a7bd62545559c7a7560d53b83c9649cb3a9c1e71253671344ee54c615d46,2026-10-07 16:15
finra/margin-statistics.xlsx,https://www.finra.org/sites/default/files/2021-03/margin-statistics.xlsx,"Margin debt, monthly since 1997",20460,52a8c106adcf30c5f1f9ca1921733bca9291aa3211fe1ea33ad0bd2fc3117aaa,2026-10-07 16:15
worldbank/us_gdp.json,https://api.worldbank.org/v2/country/USA/indicator/NY.GDP.MKTP.CD?format=json&per_page=100,"US GDP, annual",14003,627dc8962faacda32fdd22dad0b444a8959de056824aab6cf569ed11b5e63b4e,2026-10-07 16:15
